gait,speed,period,step_width,command_df,success,trials,success_rate,labelled
trot,0.25,0.36,0.05,0.5,0,64,0.0,0
trot,0.25,0.36,0.05,0.55,0,64,0.0,0
trot,0.25,0.36,0.05,0.6,0,64,0.0,0
trot,0.25,0.36,0.05,0.65,0,64,0.0,0
trot,0.25,0.36,0.05,0.7,0,64,0.0,0
trot,0.25,0.36,0.1,0.5,1,64,0.015625,0
trot,0.25,0.36,0.1,0.55,0,64,0.0,0
trot,0.25,0.36,0.1,0.6,2,64,0.03125,0
trot,0.25,0.36,0.1,0.65,3,64,0.046875,0
trot,0.25,0.36,0.1,0.7,6,64,0.09375,1
trot,0.25,0.36,0.15,0.5,18,64,0.28125,0
trot,0.25,0.36,0.15,0.55,24,64,0.375,0
trot,0.25,0.36,0.15,0.6,38,64,0.59375,0
trot,0.25,0.36,0.15,0.65,48,64,0.75,1
trot,0.25,0.36,0.15,0.7,49,64,0.765625,0
trot,0.25,0.36,0.2,0.5,57,64,0.890625,0
trot,0.25,0.36,0.2,0.55,61,64,0.953125,1
trot,0.25,0.36,0.2,0.6,64,64,1.0,0
trot,0.25,0.36,0.2,0.65,63,64,0.984375,0
trot,0.25,0.36,0.2,0.7,64,64,1.0,0
trot,0.25,0.36,0.25,0.5,64,64,1.0,1
trot,0.25,0.36,0.25,0.55,64,64,1.0,0
trot,0.25,0.36,0.25,0.6,64,64,1.0,0
trot,0.25,0.36,0.25,0.65,64,64,1.0,0
trot,0.25,0.36,0.25,0.7,64,64,1.0,0
trot,0.25,0.36,0.3,0.5,64,64,1.0,1
trot,0.25,0.36,0.3,0.55,64,64,1.0,0
trot,0.25,0.36,0.3,0.6,64,64,1.0,0
trot,0.25,0.36,0.3,0.65,64,64,1.0,0
trot,0.25,0.36,0.3,0.7,64,64,1.0,0
trot,0.25,0.4,0.05,0.5,0,64,0.0,0
trot,0.25,0.4,0.05,0.55,0,64,0.0,0
trot,0.25,0.4,0.05,0.6,0,64,0.0,0
trot,0.25,0.4,0.05,0.65,0,64,0.0,0
trot,0.25,0.4,0.05,0.7,0,64,0.0,0
trot,0.25,0.4,0.05,0.75,0,64,0.0,0
trot,0.25,0.4,0.1,0.5,0,64,0.0,0
trot,0.25,0.4,0.1,0.55,0,64,0.0,0
trot,0.25,0.4,0.1,0.6,2,64,0.03125,0
trot,0.25,0.4,0.1,0.65,2,64,0.03125,0
trot,0.25,0.4,0.1,0.7,1,64,0.015625,0
trot,0.25,0.4,0.1,0.75,3,64,0.046875,0
trot,0.25,0.4,0.15,0.5,22,64,0.34375,0
trot,0.25,0.4,0.15,0.55,24,64,0.375,0
trot,0.25,0.4,0.15,0.6,39,64,0.609375,0
trot,0.25,0.4,0.15,0.65,34,64,0.53125,0
trot,0.25,0.4,0.15,0.7,40,64,0.625,1
trot,0.25,0.4,0.15,0.75,44,64,0.6875,0
trot,0.25,0.4,0.2,0.5,53,64,0.828125,0
trot,0.25,0.4,0.2,0.55,59,64,0.921875,1
trot,0.25,0.4,0.2,0.6,61,64,0.953125,0
trot,0.25,0.4,0.2,0.65,61,64,0.953125,0
trot,0.25,0.4,0.2,0.7,61,64,0.953125,0
trot,0.25,0.4,0.2,0.75,63,64,0.984375,0
trot,0.25,0.4,0.25,0.5,64,64,1.0,1
trot,0.25,0.4,0.25,0.55,64,64,1.0,0
trot,0.25,0.4,0.25,0.6,64,64,1.0,0
trot,0.25,0.4,0.25,0.65,64,64,1.0,0
trot,0.25,0.4,0.25,0.7,64,64,1.0,0
trot,0.25,0.4,0.25,0.75,64,64,1.0,0
trot,0.25,0.4,0.3,0.5,64,64,1.0,1
trot,0.25,0.4,0.3,0.55,64,64,1.0,0
trot,0.25,0.4,0.3,0.6,64,64,1.0,0
trot,0.25,0.4,0.3,0.65,64,64,1.0,0
trot,0.25,0.4,0.3,0.7,64,64,1.0,0
trot,0.25,0.4,0.3,0.75,64,64,1.0,0
trot,0.25,0.48,0.05,0.5,0,64,0.0,0
trot,0.25,0.48,0.05,0.55,0,64,0.0,0
trot,0.25,0.48,0.05,0.6,0,64,0.0,0
trot,0.25,0.48,0.05,0.65,0,64,0.0,0
trot,0.25,0.48,0.05,0.7,0,64,0.0,0
trot,0.25,0.48,0.05,0.75,0,64,0.0,0
trot,0.25,0.48,0.1,0.5,0,64,0.0,0
trot,0.25,0.48,0.1,0.55,0,64,0.0,0
trot,0.25,0.48,0.1,0.6,0,64,0.0,0
trot,0.25,0.48,0.1,0.65,0,64,0.0,0
trot,0.25,0.48,0.1,0.7,1,64,0.015625,0
trot,0.25,0.48,0.1,0.75,1,64,0.015625,0
trot,0.25,0.48,0.15,0.5,12,64,0.1875,0
trot,0.25,0.48,0.15,0.55,22,64,0.34375,0
trot,0.25,0.48,0.15,0.6,31,64,0.484375,0
trot,0.25,0.48,0.15,0.65,32,64,0.5,0
trot,0.25,0.48,0.15,0.7,40,64,0.625,1
trot,0.25,0.48,0.15,0.75,34,64,0.53125,0
trot,0.25,0.48,0.2,0.5,52,64,0.8125,0
trot,0.25,0.48,0.2,0.55,58,64,0.90625,1
trot,0.25,0.48,0.2,0.6,61,64,0.953125,0
trot,0.25,0.48,0.2,0.65,58,64,0.90625,0
trot,0.25,0.48,0.2,0.7,61,64,0.953125,0
trot,0.25,0.48,0.2,0.75,62,64,0.96875,0
trot,0.25,0.48,0.25,0.5,64,64,1.0,1
trot,0.25,0.48,0.25,0.55,63,64,0.984375,0
trot,0.25,0.48,0.25,0.6,64,64,1.0,0
trot,0.25,0.48,0.25,0.65,64,64,1.0,0
trot,0.25,0.48,0.25,0.7,64,64,1.0,0
trot,0.25,0.48,0.25,0.75,64,64,1.0,0
trot,0.25,0.48,0.3,0.5,64,64,1.0,1
trot,0.25,0.48,0.3,0.55,64,64,1.0,0
trot,0.25,0.48,0.3,0.6,64,64,1.0,0
trot,0.25,0.48,0.3,0.65,64,64,1.0,0
trot,0.25,0.48,0.3,0.7,64,64,1.0,0
trot,0.25,0.48,0.3,0.75,64,64,1.0,0
trot,0.25,0.54,0.05,0.5,0,64,0.0,0
trot,0.25,0.54,0.05,0.55,0,64,0.0,0
trot,0.25,0.54,0.05,0.6,0,64,0.0,0
trot,0.25,0.54,0.05,0.65,0,64,0.0,0
trot,0.25,0.54,0.05,0.7,0,64,0.0,0
trot,0.25,0.54,0.05,0.75,0,64,0.0,0
trot,0.25,0.54,0.1,0.5,1,64,0.015625,0
trot,0.25,0.54,0.1,0.55,0,64,0.0,0
trot,0.25,0.54,0.1,0.6,0,64,0.0,0
trot,0.25,0.54,0.1,0.65,0,64,0.0,0
trot,0.25,0.54,0.1,0.7,0,64,0.0,0
trot,0.25,0.54,0.1,0.75,0,64,0.0,0
trot,0.25,0.54,0.15,0.5,12,64,0.1875,0
trot,0.25,0.54,0.15,0.55,15,64,0.234375,0
trot,0.25,0.54,0.15,0.6,21,64,0.328125,0
trot,0.25,0.54,0.15,0.65,29,64,0.453125,0
trot,0.25,0.54,0.15,0.7,26,64,0.40625,0
trot,0.25,0.54,0.15,0.75,39,64,0.609375,1
trot,0.25,0.54,0.2,0.5,49,64,0.765625,0
trot,0.25,0.54,0.2,0.55,55,64,0.859375,0
trot,0.25,0.54,0.2,0.6,56,64,0.875,0
trot,0.25,0.54,0.2,0.65,59,64,0.921875,1
trot,0.25,0.54,0.2,0.7,61,64,0.953125,0
trot,0.25,0.54,0.2,0.75,63,64,0.984375,0
trot,0.25,0.54,0.25,0.5,62,64,0.96875,1
trot,0.25,0.54,0.25,0.55,63,64,0.984375,0
trot,0.25,0.54,0.25,0.6,64,64,1.0,0
trot,0.25,0.54,0.25,0.65,64,64,1.0,0
trot,0.25,0.54,0.25,0.7,64,64,1.0,0
trot,0.25,0.54,0.25,0.75,64,64,1.0,0
trot,0.25,0.54,0.3,0.5,64,64,1.0,1
trot,0.25,0.54,0.3,0.55,64,64,1.0,0
trot,0.25,0.54,0.3,0.6,64,64,1.0,0
trot,0.25,0.54,0.3,0.65,64,64,1.0,0
trot,0.25,0.54,0.3,0.7,64,64,1.0,0
trot,0.25,0.54,0.3,0.75,64,64,1.0,0
trot,0.3,0.36,0.05,0.5,0,64,0.0,0
trot,0.3,0.36,0.05,0.55,0,64,0.0,0
trot,0.3,0.36,0.05,0.6,0,64,0.0,0
trot,0.3,0.36,0.05,0.65,0,64,0.0,0
trot,0.3,0.36,0.05,0.7,0,64,0.0,0
trot,0.3,0.36,0.1,0.5,2,64,0.03125,0
trot,0.3,0.36,0.1,0.55,4,64,0.0625,0
trot,0.3,0.36,0.1,0.6,10,64,0.15625,0
trot,0.3,0.36,0.1,0.65,11,64,0.171875,0
trot,0.3,0.36,0.1,0.7,13,64,0.203125,1
trot,0.3,0.36,0.15,0.5,28,64,0.4375,0
trot,0.3,0.36,0.15,0.55,41,64,0.640625,0
trot,0.3,0.36,0.15,0.6,45,64,0.703125,0
trot,0.3,0.36,0.15,0.65,56,64,0.875,1
trot,0.3,0.36,0.15,0.7,56,64,0.875,0
trot,0.3,0.36,0.2,0.5,63,64,0.984375,1
trot,0.3,0.36,0.2,0.55,64,64,1.0,0
trot,0.3,0.36,0.2,0.6,64,64,1.0,0
trot,0.3,0.36,0.2,0.65,64,64,1.0,0
trot,0.3,0.36,0.2,0.7,64,64,1.0,0
trot,0.3,0.36,0.25,0.5,64,64,1.0,1
trot,0.3,0.36,0.25,0.55,64,64,1.0,0
trot,0.3,0.36,0.25,0.6,64,64,1.0,0
trot,0.3,0.36,0.25,0.65,64,64,1.0,0
trot,0.3,0.36,0.25,0.7,64,64,1.0,0
trot,0.3,0.36,0.3,0.5,64,64,1.0,1
trot,0.3,0.36,0.3,0.55,64,64,1.0,0
trot,0.3,0.36,0.3,0.6,64,64,1.0,0
trot,0.3,0.36,0.3,0.65,64,64,1.0,0
trot,0.3,0.36,0.3,0.7,64,64,1.0,0
trot,0.3,0.4,0.05,0.5,0,64,0.0,0
trot,0.3,0.4,0.05,0.55,0,64,0.0,0
trot,0.3,0.4,0.05,0.6,0,64,0.0,0
trot,0.3,0.4,0.05,0.65,0,64,0.0,0
trot,0.3,0.4,0.05,0.7,0,64,0.0,0
trot,0.3,0.4,0.05,0.75,0,64,0.0,0
trot,0.3,0.4,0.1,0.5,2,64,0.03125,0
trot,0.3,0.4,0.1,0.55,1,64,0.015625,0
trot,0.3,0.4,0.1,0.6,1,64,0.015625,0
trot,0.3,0.4,0.1,0.65,5,64,0.078125,0
trot,0.3,0.4,0.1,0.7,9,64,0.140625,1
trot,0.3,0.4,0.1,0.75,7,64,0.109375,0
trot,0.3,0.4,0.15,0.5,31,64,0.484375,0
trot,0.3,0.4,0.15,0.55,33,64,0.515625,0
trot,0.3,0.4,0.15,0.6,39,64,0.609375,0
trot,0.3,0.4,0.15,0.65,43,64,0.671875,1
trot,0.3,0.4,0.15,0.7,47,64,0.734375,0
trot,0.3,0.4,0.15,0.75,47,64,0.734375,0
trot,0.3,0.4,0.2,0.5,61,64,0.953125,1
trot,0.3,0.4,0.2,0.55,62,64,0.96875,0
trot,0.3,0.4,0.2,0.6,64,64,1.0,0
trot,0.3,0.4,0.2,0.65,64,64,1.0,0
trot,0.3,0.4,0.2,0.7,62,64,0.96875,0
trot,0.3,0.4,0.2,0.75,64,64,1.0,0
trot,0.3,0.4,0.25,0.5,64,64,1.0,1
trot,0.3,0.4,0.25,0.55,64,64,1.0,0
trot,0.3,0.4,0.25,0.6,64,64,1.0,0
trot,0.3,0.4,0.25,0.65,64,64,1.0,0
trot,0.3,0.4,0.25,0.7,64,64,1.0,0
trot,0.3,0.4,0.25,0.75,64,64,1.0,0
trot,0.3,0.4,0.3,0.5,64,64,1.0,1
trot,0.3,0.4,0.3,0.55,64,64,1.0,0
trot,0.3,0.4,0.3,0.6,64,64,1.0,0
trot,0.3,0.4,0.3,0.65,64,64,1.0,0
trot,0.3,0.4,0.3,0.7,64,64,1.0,0
trot,0.3,0.4,0.3,0.75,64,64,1.0,0
trot,0.3,0.48,0.05,0.5,0,64,0.0,0
trot,0.3,0.48,0.05,0.55,0,64,0.0,0
trot,0.3,0.48,0.05,0.6,0,64,0.0,0
trot,0.3,0.48,0.05,0.65,0,64,0.0,0
trot,0.3,0.48,0.05,0.7,0,64,0.0,0
trot,0.3,0.48,0.05,0.75,0,64,0.0,0
trot,0.3,0.48,0.1,0.5,0,64,0.0,0
trot,0.3,0.48,0.1,0.55,1,64,0.015625,0
trot,0.3,0.48,0.1,0.6,2,64,0.03125,0
trot,0.3,0.48,0.1,0.65,1,64,0.015625,0
trot,0.3,0.48,0.1,0.7,3,64,0.046875,0
trot,0.3,0.48,0.1,0.75,1,64,0.015625,0
trot,0.3,0.48,0.15,0.5,14,64,0.21875,0
trot,0.3,0.48,0.15,0.55,34,64,0.53125,0
trot,0.3,0.48,0.15,0.6,42,64,0.65625,0
trot,0.3,0.48,0.15,0.65,44,64,0.6875,0
trot,0.3,0.48,0.15,0.7,50,64,0.78125,1
trot,0.3,0.48,0.15,0.75,50,64,0.78125,0
trot,0.3,0.48,0.2,0.5,56,64,0.875,1
trot,0.3,0.48,0.2,0.55,61,64,0.953125,0
trot,0.3,0.48,0.2,0.6,59,64,0.921875,0
trot,0.3,0.48,0.2,0.65,60,64,0.9375,0
trot,0.3,0.48,0.2,0.7,61,64,0.953125,0
trot,0.3,0.48,0.2,0.75,62,64,0.96875,0
trot,0.3,0.48,0.25,0.5,63,64,0.984375,1
trot,0.3,0.48,0.25,0.55,63,64,0.984375,0
trot,0.3,0.48,0.25,0.6,64,64,1.0,0
trot,0.3,0.48,0.25,0.65,64,64,1.0,0
trot,0.3,0.48,0.25,0.7,64,64,1.0,0
trot,0.3,0.48,0.25,0.75,64,64,1.0,0
trot,0.3,0.48,0.3,0.5,64,64,1.0,1
trot,0.3,0.48,0.3,0.55,64,64,1.0,0
trot,0.3,0.48,0.3,0.6,64,64,1.0,0
trot,0.3,0.48,0.3,0.65,64,64,1.0,0
trot,0.3,0.48,0.3,0.7,64,64,1.0,0
trot,0.3,0.48,0.3,0.75,64,64,1.0,0
trot,0.3,0.54,0.05,0.5,0,64,0.0,0
trot,0.3,0.54,0.05,0.55,0,64,0.0,0
trot,0.3,0.54,0.05,0.6,0,64,0.0,0
trot,0.3,0.54,0.05,0.65,0,64,0.0,0
trot,0.3,0.54,0.05,0.7,0,64,0.0,0
trot,0.3,0.54,0.05,0.75,0,64,0.0,0
trot,0.3,0.54,0.1,0.5,0,64,0.0,0
trot,0.3,0.54,0.1,0.55,0,64,0.0,0
trot,0.3,0.54,0.1,0.6,2,64,0.03125,0
trot,0.3,0.54,0.1,0.65,0,64,0.0,0
trot,0.3,0.54,0.1,0.7,3,64,0.046875,0
trot,0.3,0.54,0.1,0.75,9,64,0.140625,1
trot,0.3,0.54,0.15,0.5,16,64,0.25,0
trot,0.3,0.54,0.15,0.55,27,64,0.421875,0
trot,0.3,0.54,0.15,0.6,32,64,0.5,0
trot,0.3,0.54,0.15,0.65,37,64,0.578125,0
trot,0.3,0.54,0.15,0.7,39,64,0.609375,0
trot,0.3,0.54,0.15,0.75,45,64,0.703125,1
trot,0.3,0.54,0.2,0.5,56,64,0.875,0
trot,0.3,0.54,0.2,0.55,58,64,0.90625,1
trot,0.3,0.54,0.2,0.6,58,64,0.90625,0
trot,0.3,0.54,0.2,0.65,61,64,0.953125,0
trot,0.3,0.54,0.2,0.7,62,64,0.96875,0
trot,0.3,0.54,0.2,0.75,63,64,0.984375,0
trot,0.3,0.54,0.25,0.5,63,64,0.984375,1
trot,0.3,0.54,0.25,0.55,63,64,0.984375,0
trot,0.3,0.54,0.25,0.6,64,64,1.0,0
trot,0.3,0.54,0.25,0.65,64,64,1.0,0
trot,0.3,0.54,0.25,0.7,64,64,1.0,0
trot,0.3,0.54,0.25,0.75,64,64,1.0,0
trot,0.3,0.54,0.3,0.5,63,64,0.984375,1
trot,0.3,0.54,0.3,0.55,64,64,1.0,0
trot,0.3,0.54,0.3,0.6,64,64,1.0,0
trot,0.3,0.54,0.3,0.65,64,64,1.0,0
trot,0.3,0.54,0.3,0.7,64,64,1.0,0
trot,0.3,0.54,0.3,0.75,64,64,1.0,0
trot,0.35,0.36,0.05,0.5,0,64,0.0,0
trot,0.35,0.36,0.05,0.55,0,64,0.0,0
trot,0.35,0.36,0.05,0.6,0,64,0.0,0
trot,0.35,0.36,0.05,0.65,0,64,0.0,0
trot,0.35,0.36,0.05,0.7,0,64,0.0,0
trot,0.35,0.36,0.1,0.5,7,64,0.109375,0
trot,0.35,0.36,0.1,0.55,4,64,0.0625,0
trot,0.35,0.36,0.1,0.6,14,64,0.21875,0
trot,0.35,0.36,0.1,0.65,18,64,0.28125,0
trot,0.35,0.36,0.1,0.7,28,64,0.4375,1
trot,0.35,0.36,0.15,0.5,41,64,0.640625,0
trot,0.35,0.36,0.15,0.55,47,64,0.734375,0
trot,0.35,0.36,0.15,0.6,56,64,0.875,1
trot,0.35,0.36,0.15,0.65,59,64,0.921875,0
trot,0.35,0.36,0.15,0.7,61,64,0.953125,0
trot,0.35,0.36,0.2,0.5,64,64,1.0,1
trot,0.35,0.36,0.2,0.55,64,64,1.0,0
trot,0.35,0.36,0.2,0.6,63,64,0.984375,0
trot,0.35,0.36,0.2,0.65,64,64,1.0,0
trot,0.35,0.36,0.2,0.7,64,64,1.0,0
trot,0.35,0.36,0.25,0.5,64,64,1.0,1
trot,0.35,0.36,0.25,0.55,64,64,1.0,0
trot,0.35,0.36,0.25,0.6,64,64,1.0,0
trot,0.35,0.36,0.25,0.65,64,64,1.0,0
trot,0.35,0.36,0.25,0.7,64,64,1.0,0
trot,0.35,0.36,0.3,0.5,64,64,1.0,1
trot,0.35,0.36,0.3,0.55,64,64,1.0,0
trot,0.35,0.36,0.3,0.6,64,64,1.0,0
trot,0.35,0.36,0.3,0.65,64,64,1.0,0
trot,0.35,0.36,0.3,0.7,64,64,1.0,0
trot,0.35,0.4,0.05,0.5,0,64,0.0,0
trot,0.35,0.4,0.05,0.55,0,64,0.0,0
trot,0.35,0.4,0.05,0.6,0,64,0.0,0
trot,0.35,0.4,0.05,0.65,0,64,0.0,0
trot,0.35,0.4,0.05,0.7,0,64,0.0,0
trot,0.35,0.4,0.05,0.75,0,64,0.0,0
trot,0.35,0.4,0.1,0.5,2,64,0.03125,0
trot,0.35,0.4,0.1,0.55,4,64,0.0625,0
trot,0.35,0.4,0.1,0.6,6,64,0.09375,0
trot,0.35,0.4,0.1,0.65,15,64,0.234375,1
trot,0.35,0.4,0.1,0.7,9,64,0.140625,0
trot,0.35,0.4,0.1,0.75,13,64,0.203125,0
trot,0.35,0.4,0.15,0.5,37,64,0.578125,0
trot,0.35,0.4,0.15,0.55,44,64,0.6875,0
trot,0.35,0.4,0.15,0.6,50,64,0.78125,0
trot,0.35,0.4,0.15,0.65,56,64,0.875,1
trot,0.35,0.4,0.15,0.7,59,64,0.921875,0
trot,0.35,0.4,0.15,0.75,56,64,0.875,0
trot,0.35,0.4,0.2,0.5,64,64,1.0,1
trot,0.35,0.4,0.2,0.55,63,64,0.984375,0
trot,0.35,0.4,0.2,0.6,64,64,1.0,0
trot,0.35,0.4,0.2,0.65,64,64,1.0,0
trot,0.35,0.4,0.2,0.7,64,64,1.0,0
trot,0.35,0.4,0.2,0.75,64,64,1.0,0
trot,0.35,0.4,0.25,0.5,64,64,1.0,1
trot,0.35,0.4,0.25,0.55,64,64,1.0,0
trot,0.35,0.4,0.25,0.6,64,64,1.0,0
trot,0.35,0.4,0.25,0.65,64,64,1.0,0
trot,0.35,0.4,0.25,0.7,64,64,1.0,0
trot,0.35,0.4,0.25,0.75,64,64,1.0,0
trot,0.35,0.4,0.3,0.5,64,64,1.0,1
trot,0.35,0.4,0.3,0.55,64,64,1.0,0
trot,0.35,0.4,0.3,0.6,64,64,1.0,0
trot,0.35,0.4,0.3,0.65,64,64,1.0,0
trot,0.35,0.4,0.3,0.7,64,64,1.0,0
trot,0.35,0.4,0.3,0.75,64,64,1.0,0
trot,0.35,0.48,0.05,0.5,0,64,0.0,0
trot,0.35,0.48,0.05,0.55,0,64,0.0,0
trot,0.35,0.48,0.05,0.6,0,64,0.0,0
trot,0.35,0.48,0.05,0.65,0,64,0.0,0
trot,0.35,0.48,0.05,0.7,0,64,0.0,0
trot,0.35,0.48,0.05,0.75,0,64,0.0,0
trot,0.35,0.48,0.1,0.5,3,64,0.046875,0
trot,0.35,0.48,0.1,0.55,4,64,0.0625,0
trot,0.35,0.48,0.1,0.6,11,64,0.171875,0
trot,0.35,0.48,0.1,0.65,9,64,0.140625,0
trot,0.35,0.48,0.1,0.7,17,64,0.265625,1
trot,0.35,0.48,0.1,0.75,15,64,0.234375,0
trot,0.35,0.48,0.15,0.5,37,64,0.578125,0
trot,0.35,0.48,0.15,0.55,41,64,0.640625,0
trot,0.35,0.48,0.15,0.6,49,64,0.765625,1
trot,0.35,0.48,0.15,0.65,52,64,0.8125,0
trot,0.35,0.48,0.15,0.7,53,64,0.828125,0
trot,0.35,0.48,0.15,0.75,51,64,0.796875,0
trot,0.35,0.48,0.2,0.5,61,64,0.953125,1
trot,0.35,0.48,0.2,0.55,63,64,0.984375,0
trot,0.35,0.48,0.2,0.6,61,64,0.953125,0
trot,0.35,0.48,0.2,0.65,60,64,0.9375,0
trot,0.35,0.48,0.2,0.7,61,64,0.953125,0
trot,0.35,0.48,0.2,0.75,61,64,0.953125,0
trot,0.35,0.48,0.25,0.5,63,64,0.984375,1
trot,0.35,0.48,0.25,0.55,63,64,0.984375,0
trot,0.35,0.48,0.25,0.6,62,64,0.96875,0
trot,0.35,0.48,0.25,0.65,64,64,1.0,0
trot,0.35,0.48,0.25,0.7,64,64,1.0,0
trot,0.35,0.48,0.25,0.75,64,64,1.0,0
trot,0.35,0.48,0.3,0.5,64,64,1.0,1
trot,0.35,0.48,0.3,0.55,63,64,0.984375,0
trot,0.35,0.48,0.3,0.6,64,64,1.0,0
trot,0.35,0.48,0.3,0.65,64,64,1.0,0
trot,0.35,0.48,0.3,0.7,64,64,1.0,0
trot,0.35,0.48,0.3,0.75,64,64,1.0,0
trot,0.35,0.54,0.05,0.5,0,64,0.0,0
trot,0.35,0.54,0.05,0.55,0,64,0.0,0
trot,0.35,0.54,0.05,0.6,0,64,0.0,0
trot,0.35,0.54,0.05,0.65,0,64,0.0,0
trot,0.35,0.54,0.05,0.7,0,64,0.0,0
trot,0.35,0.54,0.05,0.75,0,64,0.0,0
trot,0.35,0.54,0.1,0.5,0,64,0.0,0
trot,0.35,0.54,0.1,0.55,4,64,0.0625,0
trot,0.35,0.54,0.1,0.6,8,64,0.125,0
trot,0.35,0.54,0.1,0.65,8,64,0.125,0
trot,0.35,0.54,0.1,0.7,6,64,0.09375,0
trot,0.35,0.54,0.1,0.75,11,64,0.171875,1
trot,0.35,0.54,0.15,0.5,30,64,0.46875,0
trot,0.35,0.54,0.15,0.55,33,64,0.515625,0
trot,0.35,0.54,0.15,0.6,47,64,0.734375,1
trot,0.35,0.54,0.15,0.65,50,64,0.78125,0
trot,0.35,0.54,0.15,0.7,46,64,0.71875,0
trot,0.35,0.54,0.15,0.75,52,64,0.8125,0
trot,0.35,0.54,0.2,0.5,59,64,0.921875,1
trot,0.35,0.54,0.2,0.55,62,64,0.96875,0
trot,0.35,0.54,0.2,0.6,60,64,0.9375,0
trot,0.35,0.54,0.2,0.65,62,64,0.96875,0
trot,0.35,0.54,0.2,0.7,63,64,0.984375,0
trot,0.35,0.54,0.2,0.75,63,64,0.984375,0
trot,0.35,0.54,0.25,0.5,63,64,0.984375,1
trot,0.35,0.54,0.25,0.55,62,64,0.96875,0
trot,0.35,0.54,0.25,0.6,64,64,1.0,0
trot,0.35,0.54,0.25,0.65,64,64,1.0,0
trot,0.35,0.54,0.25,0.7,64,64,1.0,0
trot,0.35,0.54,0.25,0.75,64,64,1.0,0
trot,0.35,0.54,0.3,0.5,64,64,1.0,1
trot,0.35,0.54,0.3,0.55,64,64,1.0,0
trot,0.35,0.54,0.3,0.6,64,64,1.0,0
trot,0.35,0.54,0.3,0.65,64,64,1.0,0
trot,0.35,0.54,0.3,0.7,64,64,1.0,0
trot,0.35,0.54,0.3,0.75,64,64,1.0,0
trot,0.4,0.36,0.05,0.5,0,64,0.0,0
trot,0.4,0.36,0.05,0.55,0,64,0.0,0
trot,0.4,0.36,0.05,0.6,0,64,0.0,0
trot,0.4,0.36,0.05,0.65,0,64,0.0,0
trot,0.4,0.36,0.05,0.7,1,64,0.015625,0
trot,0.4,0.36,0.1,0.5,12,64,0.1875,0
trot,0.4,0.36,0.1,0.55,17,64,0.265625,0
trot,0.4,0.36,0.1,0.6,22,64,0.34375,0
trot,0.4,0.36,0.1,0.65,33,64,0.515625,0
trot,0.4,0.36,0.1,0.7,37,64,0.578125,1
trot,0.4,0.36,0.15,0.5,49,64,0.765625,0
trot,0.4,0.36,0.15,0.55,58,64,0.90625,1
trot,0.4,0.36,0.15,0.6,57,64,0.890625,0
trot,0.4,0.36,0.15,0.65,58,64,0.90625,0
trot,0.4,0.36,0.15,0.7,61,64,0.953125,0
trot,0.4,0.36,0.2,0.5,64,64,1.0,1
trot,0.4,0.36,0.2,0.55,64,64,1.0,0
trot,0.4,0.36,0.2,0.6,63,64,0.984375,0
trot,0.4,0.36,0.2,0.65,64,64,1.0,0
trot,0.4,0.36,0.2,0.7,64,64,1.0,0
trot,0.4,0.36,0.25,0.5,64,64,1.0,1
trot,0.4,0.36,0.25,0.55,64,64,1.0,0
trot,0.4,0.36,0.25,0.6,64,64,1.0,0
trot,0.4,0.36,0.25,0.65,64,64,1.0,0
trot,0.4,0.36,0.25,0.7,64,64,1.0,0
trot,0.4,0.36,0.3,0.5,64,64,1.0,1
trot,0.4,0.36,0.3,0.55,64,64,1.0,0
trot,0.4,0.36,0.3,0.6,64,64,1.0,0
trot,0.4,0.36,0.3,0.65,64,64,1.0,0
trot,0.4,0.36,0.3,0.7,64,64,1.0,0
trot,0.4,0.4,0.05,0.5,0,64,0.0,0
trot,0.4,0.4,0.05,0.55,0,64,0.0,0
trot,0.4,0.4,0.05,0.6,0,64,0.0,0
trot,0.4,0.4,0.05,0.65,0,64,0.0,0
trot,0.4,0.4,0.05,0.7,0,64,0.0,0
trot,0.4,0.4,0.05,0.75,0,64,0.0,0
trot,0.4,0.4,0.1,0.5,14,64,0.21875,0
trot,0.4,0.4,0.1,0.55,15,64,0.234375,0
trot,0.4,0.4,0.1,0.6,10,64,0.15625,0
trot,0.4,0.4,0.1,0.65,25,64,0.390625,0
trot,0.4,0.4,0.1,0.7,23,64,0.359375,0
trot,0.4,0.4,0.1,0.75,28,64,0.4375,1
trot,0.4,0.4,0.15,0.5,45,64,0.703125,0
trot,0.4,0.4,0.15,0.55,47,64,0.734375,0
trot,0.4,0.4,0.15,0.6,49,64,0.765625,0
trot,0.4,0.4,0.15,0.65,56,64,0.875,1
trot,0.4,0.4,0.15,0.7,59,64,0.921875,0
trot,0.4,0.4,0.15,0.75,59,64,0.921875,0
trot,0.4,0.4,0.2,0.5,63,64,0.984375,1
trot,0.4,0.4,0.2,0.55,63,64,0.984375,0
trot,0.4,0.4,0.2,0.6,63,64,0.984375,0
trot,0.4,0.4,0.2,0.65,63,64,0.984375,0
trot,0.4,0.4,0.2,0.7,63,64,0.984375,0
trot,0.4,0.4,0.2,0.75,64,64,1.0,0
trot,0.4,0.4,0.25,0.5,64,64,1.0,1
trot,0.4,0.4,0.25,0.55,63,64,0.984375,0
trot,0.4,0.4,0.25,0.6,64,64,1.0,0
trot,0.4,0.4,0.25,0.65,64,64,1.0,0
trot,0.4,0.4,0.25,0.7,64,64,1.0,0
trot,0.4,0.4,0.25,0.75,64,64,1.0,0
trot,0.4,0.4,0.3,0.5,64,64,1.0,1
trot,0.4,0.4,0.3,0.55,64,64,1.0,0
trot,0.4,0.4,0.3,0.6,64,64,1.0,0
trot,0.4,0.4,0.3,0.65,64,64,1.0,0
trot,0.4,0.4,0.3,0.7,64,64,1.0,0
trot,0.4,0.4,0.3,0.75,64,64,1.0,0
trot,0.4,0.48,0.05,0.5,0,64,0.0,0
trot,0.4,0.48,0.05,0.55,0,64,0.0,0
trot,0.4,0.48,0.05,0.6,0,64,0.0,0
trot,0.4,0.48,0.05,0.65,0,64,0.0,0
trot,0.4,0.48,0.05,0.7,0,64,0.0,0
trot,0.4,0.48,0.05,0.75,0,64,0.0,0
trot,0.4,0.48,0.1,0.5,7,64,0.109375,0
trot,0.4,0.48,0.1,0.55,13,64,0.203125,0
trot,0.4,0.48,0.1,0.6,10,64,0.15625,0
trot,0.4,0.48,0.1,0.65,17,64,0.265625,0
trot,0.4,0.48,0.1,0.7,25,64,0.390625,0
trot,0.4,0.48,0.1,0.75,29,64,0.453125,1
trot,0.4,0.48,0.15,0.5,45,64,0.703125,0
trot,0.4,0.48,0.15,0.55,52,64,0.8125,0
trot,0.4,0.48,0.15,0.6,54,64,0.84375,1
trot,0.4,0.48,0.15,0.65,55,64,0.859375,0
trot,0.4,0.48,0.15,0.7,55,64,0.859375,0
trot,0.4,0.48,0.15,0.75,60,64,0.9375,0
trot,0.4,0.48,0.2,0.5,61,64,0.953125,1
trot,0.4,0.48,0.2,0.55,62,64,0.96875,0
trot,0.4,0.48,0.2,0.6,63,64,0.984375,0
trot,0.4,0.48,0.2,0.65,62,64,0.96875,0
trot,0.4,0.48,0.2,0.7,63,64,0.984375,0
trot,0.4,0.48,0.2,0.75,62,64,0.96875,0
trot,0.4,0.48,0.25,0.5,63,64,0.984375,1
trot,0.4,0.48,0.25,0.55,62,64,0.96875,0
trot,0.4,0.48,0.25,0.6,63,64,0.984375,0
trot,0.4,0.48,0.25,0.65,63,64,0.984375,0
trot,0.4,0.48,0.25,0.7,64,64,1.0,0
trot,0.4,0.48,0.25,0.75,64,64,1.0,0
trot,0.4,0.48,0.3,0.5,63,64,0.984375,1
trot,0.4,0.48,0.3,0.55,64,64,1.0,0
trot,0.4,0.48,0.3,0.6,64,64,1.0,0
trot,0.4,0.48,0.3,0.65,64,64,1.0,0
trot,0.4,0.48,0.3,0.7,64,64,1.0,0
trot,0.4,0.48,0.3,0.75,64,64,1.0,0
trot,0.4,0.54,0.05,0.5,0,64,0.0,0
trot,0.4,0.54,0.05,0.55,0,64,0.0,0
trot,0.4,0.54,0.05,0.6,0,64,0.0,0
trot,0.4,0.54,0.05,0.65,0,64,0.0,0
trot,0.4,0.54,0.05,0.7,0,64,0.0,0
trot,0.4,0.54,0.05,0.75,0,64,0.0,0
trot,0.4,0.54,0.1,0.5,4,64,0.0625,0
trot,0.4,0.54,0.1,0.55,4,64,0.0625,0
trot,0.4,0.54,0.1,0.6,9,64,0.140625,0
trot,0.4,0.54,0.1,0.65,8,64,0.125,0
trot,0.4,0.54,0.1,0.7,16,64,0.25,0
trot,0.4,0.54,0.1,0.75,23,64,0.359375,1
trot,0.4,0.54,0.15,0.5,33,64,0.515625,0
trot,0.4,0.54,0.15,0.55,44,64,0.6875,0
trot,0.4,0.54,0.15,0.6,47,64,0.734375,0
trot,0.4,0.54,0.15,0.65,50,64,0.78125,0
trot,0.4,0.54,0.15,0.7,52,64,0.8125,0
trot,0.4,0.54,0.15,0.75,59,64,0.921875,1
trot,0.4,0.54,0.2,0.5,59,64,0.921875,1
trot,0.4,0.54,0.2,0.55,60,64,0.9375,0
trot,0.4,0.54,0.2,0.6,61,64,0.953125,0
trot,0.4,0.54,0.2,0.65,63,64,0.984375,0
trot,0.4,0.54,0.2,0.7,63,64,0.984375,0
trot,0.4,0.54,0.2,0.75,64,64,1.0,0
trot,0.4,0.54,0.25,0.5,62,64,0.96875,1
trot,0.4,0.54,0.25,0.55,62,64,0.96875,0
trot,0.4,0.54,0.25,0.6,64,64,1.0,0
trot,0.4,0.54,0.25,0.65,64,64,1.0,0
trot,0.4,0.54,0.25,0.7,64,64,1.0,0
trot,0.4,0.54,0.25,0.75,64,64,1.0,0
trot,0.4,0.54,0.3,0.5,64,64,1.0,1
trot,0.4,0.54,0.3,0.55,63,64,0.984375,0
trot,0.4,0.54,0.3,0.6,64,64,1.0,0
trot,0.4,0.54,0.3,0.65,64,64,1.0,0
trot,0.4,0.54,0.3,0.7,64,64,1.0,0
trot,0.4,0.54,0.3,0.75,64,64,1.0,0
walk,0.25,0.4,0.05,0.75,0,64,0.0,0
walk,0.25,0.4,0.05,0.8,0,64,0.0,0
walk,0.25,0.4,0.05,0.85,0,64,0.0,0
walk,0.25,0.4,0.05,0.9,0,64,0.0,0
walk,0.25,0.4,0.1,0.75,0,64,0.0,0
walk,0.25,0.4,0.1,0.8,1,64,0.015625,0
walk,0.25,0.4,0.1,0.85,0,64,0.0,0
walk,0.25,0.4,0.1,0.9,1,64,0.015625,0
walk,0.25,0.4,0.15,0.75,25,64,0.390625,0
walk,0.25,0.4,0.15,0.8,39,64,0.609375,1
walk,0.25,0.4,0.15,0.85,38,64,0.59375,0
walk,0.25,0.4,0.15,0.9,34,64,0.53125,0
walk,0.25,0.4,0.2,0.75,55,64,0.859375,0
walk,0.25,0.4,0.2,0.8,61,64,0.953125,1
walk,0.25,0.4,0.2,0.85,62,64,0.96875,0
walk,0.25,0.4,0.2,0.9,60,64,0.9375,0
walk,0.25,0.4,0.25,0.75,57,64,0.890625,0
walk,0.25,0.4,0.25,0.8,63,64,0.984375,1
walk,0.25,0.4,0.25,0.85,64,64,1.0,0
walk,0.25,0.4,0.25,0.9,63,64,0.984375,0
walk,0.25,0.4,0.3,0.75,56,64,0.875,0
walk,0.25,0.4,0.3,0.8,63,64,0.984375,1
walk,0.25,0.4,0.3,0.85,64,64,1.0,0
walk,0.25,0.4,0.3,0.9,63,64,0.984375,0
walk,0.25,0.48,0.05,0.75,0,64,0.0,0
walk,0.25,0.48,0.05,0.8,0,64,0.0,0
walk,0.25,0.48,0.05,0.85,0,64,0.0,0
walk,0.25,0.48,0.05,0.9,0,64,0.0,0
walk,0.25,0.48,0.1,0.75,1,64,0.015625,0
walk,0.25,0.48,0.1,0.8,3,64,0.046875,0
walk,0.25,0.48,0.1,0.85,2,64,0.03125,0
walk,0.25,0.48,0.1,0.9,2,64,0.03125,0
walk,0.25,0.48,0.15,0.75,26,64,0.40625,0
walk,0.25,0.48,0.15,0.8,43,64,0.671875,1
walk,0.25,0.48,0.15,0.85,40,64,0.625,0
walk,0.25,0.48,0.15,0.9,47,64,0.734375,0
walk,0.25,0.48,0.2,0.75,56,64,0.875,0
walk,0.25,0.48,0.2,0.8,63,64,0.984375,1
walk,0.25,0.48,0.2,0.85,64,64,1.0,0
walk,0.25,0.48,0.2,0.9,63,64,0.984375,0
walk,0.25,0.48,0.25,0.75,58,64,0.90625,1
walk,0.25,0.48,0.25,0.8,64,64,1.0,0
walk,0.25,0.48,0.25,0.85,64,64,1.0,0
walk,0.25,0.48,0.25,0.9,64,64,1.0,0
walk,0.25,0.48,0.3,0.75,57,64,0.890625,0
walk,0.25,0.48,0.3,0.8,64,64,1.0,1
walk,0.25,0.48,0.3,0.85,64,64,1.0,0
walk,0.25,0.48,0.3,0.9,64,64,1.0,0
walk,0.25,0.54,0.05,0.75,0,64,0.0,0
walk,0.25,0.54,0.05,0.8,0,64,0.0,0
walk,0.25,0.54,0.05,0.85,0,64,0.0,0
walk,0.25,0.54,0.05,0.9,0,64,0.0,0
walk,0.25,0.54,0.1,0.75,0,64,0.0,0
walk,0.25,0.54,0.1,0.8,0,64,0.0,0
walk,0.25,0.54,0.1,0.85,1,64,0.015625,0
walk,0.25,0.54,0.1,0.9,2,64,0.03125,0
walk,0.25,0.54,0.15,0.75,30,64,0.46875,0
walk,0.25,0.54,0.15,0.8,41,64,0.640625,1
walk,0.25,0.54,0.15,0.85,39,64,0.609375,0
walk,0.25,0.54,0.15,0.9,44,64,0.6875,0
walk,0.25,0.54,0.2,0.75,58,64,0.90625,1
walk,0.25,0.54,0.2,0.8,62,64,0.96875,0
walk,0.25,0.54,0.2,0.85,64,64,1.0,0
walk,0.25,0.54,0.2,0.9,64,64,1.0,0
walk,0.25,0.54,0.25,0.75,63,64,0.984375,1
walk,0.25,0.54,0.25,0.8,64,64,1.0,0
walk,0.25,0.54,0.25,0.85,64,64,1.0,0
walk,0.25,0.54,0.25,0.9,64,64,1.0,0
walk,0.25,0.54,0.3,0.75,63,64,0.984375,1
walk,0.25,0.54,0.3,0.8,64,64,1.0,0
walk,0.25,0.54,0.3,0.85,64,64,1.0,0
walk,0.25,0.54,0.3,0.9,64,64,1.0,0
walk,0.3,0.4,0.05,0.75,0,64,0.0,0
walk,0.3,0.4,0.05,0.8,0,64,0.0,0
walk,0.3,0.4,0.05,0.85,0,64,0.0,0
walk,0.3,0.4,0.05,0.9,0,64,0.0,0
walk,0.3,0.4,0.1,0.75,1,64,0.015625,0
walk,0.3,0.4,0.1,0.8,2,64,0.03125,0
walk,0.3,0.4,0.1,0.85,5,64,0.078125,1
walk,0.3,0.4,0.1,0.9,3,64,0.046875,0
walk,0.3,0.4,0.15,0.75,36,64,0.5625,0
walk,0.3,0.4,0.15,0.8,46,64,0.71875,1
walk,0.3,0.4,0.15,0.85,51,64,0.796875,0
walk,0.3,0.4,0.15,0.9,42,64,0.65625,0
walk,0.3,0.4,0.2,0.75,56,64,0.875,0
walk,0.3,0.4,0.2,0.8,60,64,0.9375,1
walk,0.3,0.4,0.2,0.85,63,64,0.984375,0
walk,0.3,0.4,0.2,0.9,61,64,0.953125,0
walk,0.3,0.4,0.25,0.75,59,64,0.921875,1
walk,0.3,0.4,0.25,0.8,64,64,1.0,0
walk,0.3,0.4,0.25,0.85,64,64,1.0,0
walk,0.3,0.4,0.25,0.9,62,64,0.96875,0
walk,0.3,0.4,0.3,0.75,55,64,0.859375,0
walk,0.3,0.4,0.3,0.8,63,64,0.984375,1
walk,0.3,0.4,0.3,0.85,64,64,1.0,0
walk,0.3,0.4,0.3,0.9,64,64,1.0,0
walk,0.3,0.48,0.05,0.75,0,64,0.0,0
walk,0.3,0.48,0.05,0.8,0,64,0.0,0
walk,0.3,0.48,0.05,0.85,0,64,0.0,0
walk,0.3,0.48,0.05,0.9,0,64,0.0,0
walk,0.3,0.48,0.1,0.75,1,64,0.015625,0
walk,0.3,0.48,0.1,0.8,8,64,0.125,1
walk,0.3,0.48,0.1,0.85,7,64,0.109375,0
walk,0.3,0.48,0.1,0.9,7,64,0.109375,0
walk,0.3,0.48,0.15,0.75,30,64,0.46875,0
walk,0.3,0.48,0.15,0.8,48,64,0.75,1
walk,0.3,0.48,0.15,0.85,48,64,0.75,0
walk,0.3,0.48,0.15,0.9,49,64,0.765625,0
walk,0.3,0.48,0.2,0.75,55,64,0.859375,0
walk,0.3,0.48,0.2,0.8,63,64,0.984375,1
walk,0.3,0.48,0.2,0.85,64,64,1.0,0
walk,0.3,0.48,0.2,0.9,64,64,1.0,0
walk,0.3,0.48,0.25,0.75,58,64,0.90625,1
walk,0.3,0.48,0.25,0.8,64,64,1.0,0
walk,0.3,0.48,0.25,0.85,64,64,1.0,0
walk,0.3,0.48,0.25,0.9,64,64,1.0,0
walk,0.3,0.48,0.3,0.75,61,64,0.953125,1
walk,0.3,0.48,0.3,0.8,64,64,1.0,0
walk,0.3,0.48,0.3,0.85,64,64,1.0,0
walk,0.3,0.48,0.3,0.9,64,64,1.0,0
walk,0.3,0.54,0.05,0.75,0,64,0.0,0
walk,0.3,0.54,0.05,0.8,0,64,0.0,0
walk,0.3,0.54,0.05,0.85,0,64,0.0,0
walk,0.3,0.54,0.05,0.9,0,64,0.0,0
walk,0.3,0.54,0.1,0.75,0,64,0.0,0
walk,0.3,0.54,0.1,0.8,5,64,0.078125,0
walk,0.3,0.54,0.1,0.85,7,64,0.109375,0
walk,0.3,0.54,0.1,0.9,9,64,0.140625,1
walk,0.3,0.54,0.15,0.75,31,64,0.484375,0
walk,0.3,0.54,0.15,0.8,44,64,0.6875,0
walk,0.3,0.54,0.15,0.85,49,64,0.765625,1
walk,0.3,0.54,0.15,0.9,47,64,0.734375,0
walk,0.3,0.54,0.2,0.75,58,64,0.90625,1
walk,0.3,0.54,0.2,0.8,63,64,0.984375,0
walk,0.3,0.54,0.2,0.85,64,64,1.0,0
walk,0.3,0.54,0.2,0.9,64,64,1.0,0
walk,0.3,0.54,0.25,0.75,62,64,0.96875,1
walk,0.3,0.54,0.25,0.8,64,64,1.0,0
walk,0.3,0.54,0.25,0.85,64,64,1.0,0
walk,0.3,0.54,0.25,0.9,64,64,1.0,0
walk,0.3,0.54,0.3,0.75,63,64,0.984375,1
walk,0.3,0.54,0.3,0.8,64,64,1.0,0
walk,0.3,0.54,0.3,0.85,64,64,1.0,0
walk,0.3,0.54,0.3,0.9,64,64,1.0,0
walk,0.35,0.4,0.05,0.75,0,64,0.0,0
walk,0.35,0.4,0.05,0.8,0,64,0.0,0
walk,0.35,0.4,0.05,0.85,0,64,0.0,0
walk,0.35,0.4,0.05,0.9,0,64,0.0,0
walk,0.35,0.4,0.1,0.75,12,64,0.1875,0
walk,0.35,0.4,0.1,0.8,13,64,0.203125,0
walk,0.35,0.4,0.1,0.85,16,64,0.25,1
walk,0.35,0.4,0.1,0.9,2,64,0.03125,0
walk,0.35,0.4,0.15,0.75,46,64,0.71875,0
walk,0.35,0.4,0.15,0.8,53,64,0.828125,1
walk,0.35,0.4,0.15,0.85,50,64,0.78125,0
walk,0.35,0.4,0.15,0.9,47,64,0.734375,0
walk,0.35,0.4,0.2,0.75,58,64,0.90625,1
walk,0.35,0.4,0.2,0.8,64,64,1.0,0
walk,0.35,0.4,0.2,0.85,64,64,1.0,0
walk,0.35,0.4,0.2,0.9,63,64,0.984375,0
walk,0.35,0.4,0.25,0.75,59,64,0.921875,1
walk,0.35,0.4,0.25,0.8,64,64,1.0,0
walk,0.35,0.4,0.25,0.85,64,64,1.0,0
walk,0.35,0.4,0.25,0.9,64,64,1.0,0
walk,0.35,0.4,0.3,0.75,59,64,0.921875,1
walk,0.35,0.4,0.3,0.8,64,64,1.0,0
walk,0.35,0.4,0.3,0.85,64,64,1.0,0
walk,0.35,0.4,0.3,0.9,64,64,1.0,0
walk,0.35,0.48,0.05,0.75,0,64,0.0,0
walk,0.35,0.48,0.05,0.8,0,64,0.0,0
walk,0.35,0.48,0.05,0.85,0,64,0.0,0
walk,0.35,0.48,0.05,0.9,0,64,0.0,0
walk,0.35,0.48,0.1,0.75,8,64,0.125,0
walk,0.35,0.48,0.1,0.8,20,64,0.3125,1
walk,0.35,0.48,0.1,0.85,13,64,0.203125,0
walk,0.35,0.48,0.1,0.9,12,64,0.1875,0
walk,0.35,0.48,0.15,0.75,39,64,0.609375,0
walk,0.35,0.48,0.15,0.8,54,64,0.84375,1
walk,0.35,0.48,0.15,0.85,57,64,0.890625,0
walk,0.35,0.48,0.15,0.9,58,64,0.90625,0
walk,0.35,0.48,0.2,0.75,59,64,0.921875,1
walk,0.35,0.48,0.2,0.8,63,64,0.984375,0
walk,0.35,0.48,0.2,0.85,64,64,1.0,0
walk,0.35,0.48,0.2,0.9,64,64,1.0,0
walk,0.35,0.48,0.25,0.75,62,64,0.96875,1
walk,0.35,0.48,0.25,0.8,64,64,1.0,0
walk,0.35,0.48,0.25,0.85,64,64,1.0,0
walk,0.35,0.48,0.25,0.9,64,64,1.0,0
walk,0.35,0.48,0.3,0.75,62,64,0.96875,1
walk,0.35,0.48,0.3,0.8,64,64,1.0,0
walk,0.35,0.48,0.3,0.85,64,64,1.0,0
walk,0.35,0.48,0.3,0.9,64,64,1.0,0
walk,0.35,0.54,0.05,0.75,0,64,0.0,0
walk,0.35,0.54,0.05,0.8,0,64,0.0,0
walk,0.35,0.54,0.05,0.85,0,64,0.0,0
walk,0.35,0.54,0.05,0.9,0,64,0.0,0
walk,0.35,0.54,0.1,0.75,4,64,0.0625,0
walk,0.35,0.54,0.1,0.8,10,64,0.15625,0
walk,0.35,0.54,0.1,0.85,16,64,0.25,1
walk,0.35,0.54,0.1,0.9,10,64,0.15625,0
walk,0.35,0.54,0.15,0.75,43,64,0.671875,0
walk,0.35,0.54,0.15,0.8,53,64,0.828125,1
walk,0.35,0.54,0.15,0.85,55,64,0.859375,0
walk,0.35,0.54,0.15,0.9,55,64,0.859375,0
walk,0.35,0.54,0.2,0.75,63,64,0.984375,1
walk,0.35,0.54,0.2,0.8,64,64,1.0,0
walk,0.35,0.54,0.2,0.85,64,64,1.0,0
walk,0.35,0.54,0.2,0.9,64,64,1.0,0
walk,0.35,0.54,0.25,0.75,63,64,0.984375,1
walk,0.35,0.54,0.25,0.8,64,64,1.0,0
walk,0.35,0.54,0.25,0.85,64,64,1.0,0
walk,0.35,0.54,0.25,0.9,64,64,1.0,0
walk,0.35,0.54,0.3,0.75,64,64,1.0,1
walk,0.35,0.54,0.3,0.8,64,64,1.0,0
walk,0.35,0.54,0.3,0.85,64,64,1.0,0
walk,0.35,0.54,0.3,0.9,64,64,1.0,0
walk,0.4,0.4,0.05,0.75,0,64,0.0,0
walk,0.4,0.4,0.05,0.8,1,64,0.015625,0
walk,0.4,0.4,0.05,0.85,0,64,0.0,0
walk,0.4,0.4,0.05,0.9,0,64,0.0,0
walk,0.4,0.4,0.1,0.75,13,64,0.203125,0
walk,0.4,0.4,0.1,0.8,20,64,0.3125,0
walk,0.4,0.4,0.1,0.85,24,64,0.375,1
walk,0.4,0.4,0.1,0.9,6,64,0.09375,0
walk,0.4,0.4,0.15,0.75,57,64,0.890625,1
walk,0.4,0.4,0.15,0.8,59,64,0.921875,0
walk,0.4,0.4,0.15,0.85,56,64,0.875,0
walk,0.4,0.4,0.15,0.9,53,64,0.828125,0
walk,0.4,0.4,0.2,0.75,59,64,0.921875,1
walk,0.4,0.4,0.2,0.8,63,64,0.984375,0
walk,0.4,0.4,0.2,0.85,64,64,1.0,0
walk,0.4,0.4,0.2,0.9,62,64,0.96875,0
walk,0.4,0.4,0.25,0.75,61,64,0.953125,1
walk,0.4,0.4,0.25,0.8,64,64,1.0,0
walk,0.4,0.4,0.25,0.85,64,64,1.0,0
walk,0.4,0.4,0.25,0.9,64,64,1.0,0
walk,0.4,0.4,0.3,0.75,61,64,0.953125,1
walk,0.4,0.4,0.3,0.8,64,64,1.0,0
walk,0.4,0.4,0.3,0.85,64,64,1.0,0
walk,0.4,0.4,0.3,0.9,64,64,1.0,0
walk,0.4,0.48,0.05,0.75,0,64,0.0,0
walk,0.4,0.48,0.05,0.8,0,64,0.0,0
walk,0.4,0.48,0.05,0.85,0,64,0.0,0
walk,0.4,0.48,0.05,0.9,0,64,0.0,0
walk,0.4,0.48,0.1,0.75,13,64,0.203125,0
walk,0.4,0.48,0.1,0.8,27,64,0.421875,1
walk,0.4,0.48,0.1,0.85,24,64,0.375,0
walk,0.4,0.48,0.1,0.9,27,64,0.421875,0
walk,0.4,0.48,0.15,0.75,51,64,0.796875,0
walk,0.4,0.48,0.15,0.8,61,64,0.953125,1
walk,0.4,0.48,0.15,0.85,60,64,0.9375,0
walk,0.4,0.48,0.15,0.9,61,64,0.953125,0
walk,0.4,0.48,0.2,0.75,60,64,0.9375,1
walk,0.4,0.48,0.2,0.8,64,64,1.0,0
walk,0.4,0.48,0.2,0.85,64,64,1.0,0
walk,0.4,0.48,0.2,0.9,64,64,1.0,0
walk,0.4,0.48,0.25,0.75,62,64,0.96875,1
walk,0.4,0.48,0.25,0.8,64,64,1.0,0
walk,0.4,0.48,0.25,0.85,64,64,1.0,0
walk,0.4,0.48,0.25,0.9,64,64,1.0,0
walk,0.4,0.48,0.3,0.75,63,64,0.984375,1
walk,0.4,0.48,0.3,0.8,64,64,1.0,0
walk,0.4,0.48,0.3,0.85,64,64,1.0,0
walk,0.4,0.48,0.3,0.9,64,64,1.0,0
walk,0.4,0.54,0.05,0.75,0,64,0.0,0
walk,0.4,0.54,0.05,0.8,0,64,0.0,0
walk,0.4,0.54,0.05,0.85,1,64,0.015625,0
walk,0.4,0.54,0.05,0.9,0,64,0.0,0
walk,0.4,0.54,0.1,0.75,9,64,0.140625,0
walk,0.4,0.54,0.1,0.8,24,64,0.375,0
walk,0.4,0.54,0.1,0.85,30,64,0.46875,1
walk,0.4,0.54,0.1,0.9,18,64,0.28125,0
walk,0.4,0.54,0.15,0.75,45,64,0.703125,0
walk,0.4,0.54,0.15,0.8,56,64,0.875,1
walk,0.4,0.54,0.15,0.85,61,64,0.953125,0
walk,0.4,0.54,0.15,0.9,60,64,0.9375,0
walk,0.4,0.54,0.2,0.75,63,64,0.984375,1
walk,0.4,0.54,0.2,0.8,64,64,1.0,0
walk,0.4,0.54,0.2,0.85,63,64,0.984375,0
walk,0.4,0.54,0.2,0.9,64,64,1.0,0
walk,0.4,0.54,0.25,0.75,63,64,0.984375,1
walk,0.4,0.54,0.25,0.8,64,64,1.0,0
walk,0.4,0.54,0.25,0.85,64,64,1.0,0
walk,0.4,0.54,0.25,0.9,64,64,1.0,0
walk,0.4,0.54,0.3,0.75,64,64,1.0,1
walk,0.4,0.54,0.3,0.8,64,64,1.0,0
walk,0.4,0.54,0.3,0.85,64,64,1.0,0
walk,0.4,0.54,0.3,0.9,64,64,1.0,0
