speed,command_df,step_width,period,gait,perturbation_h,references,valid_references,reference_valid_rate,periodic_orbit_gate_pass_rate,command_gate_pass_rate,hybrid_topology_gate_pass_rate,translation_symmetry_gate_pass_rate,numerical_gate_pass_rate,rank_gate_pass_rate,finite_difference_gate_pass_rate,chi_augmented_diagnostic_median,chi_augmented_median,chi_augmented_q025,chi_augmented_q975,chi_physical_conditional_diagnostic_median,chi_physical_conditional_median,chi_physical_conditional_q025,chi_physical_conditional_q975,chi_orbital_physical_diagnostic_median,chi_orbital_physical_median,chi_orbital_physical_q025,chi_orbital_physical_q975,chi_orbital_augmented_diagnostic_median,chi_orbital_augmented_median,chi_orbital_augmented_q025,chi_orbital_augmented_q975,condition_valid
0.25,0.5,0.1,0.48,trot,0.05,8,0,0.0,0.0,1.0,0.0,0.0,0.0,1.0,0.0,73.4661657076198,nan,nan,nan,54.58291217791669,nan,nan,nan,53.7900102800606,nan,nan,nan,72.80091257627376,nan,nan,nan,0
0.25,0.625,0.1,0.48,trot,0.05,8,0,0.0,1.0,1.0,0.0,0.0,0.0,1.0,0.0,19.964894263825208,nan,nan,nan,18.976976666440464,nan,nan,nan,18.919791159237498,nan,nan,nan,19.90582089688563,nan,nan,nan,0
0.25,0.75,0.1,0.48,trot,0.05,8,0,0.0,1.0,1.0,1.0,0.0,0.0,1.0,0.0,4.811119838121803,nan,nan,nan,4.1160238269818725,nan,nan,nan,4.0814041300715544,nan,nan,nan,4.781817562942347,nan,nan,nan,0
0.25,0.5,0.2,0.48,trot,0.05,8,0,0.0,1.0,1.0,0.0,0.0,0.0,1.0,0.0,16.597807048489866,nan,nan,nan,15.469526919826833,nan,nan,nan,15.312990501615637,nan,nan,nan,16.448540593595204,nan,nan,nan,0
0.25,0.625,0.2,0.48,trot,0.05,8,0,0.0,1.0,1.0,1.0,0.0,0.0,1.0,0.0,3.5658606262221975,nan,nan,nan,3.033237341279416,nan,nan,nan,3.01799480004304,nan,nan,nan,3.5553839066820245,nan,nan,nan,0
0.25,0.75,0.2,0.48,trot,0.05,8,0,0.0,1.0,1.0,1.0,0.0,0.0,1.0,0.0,2.030832572337551,nan,nan,nan,1.9017734950638574,nan,nan,nan,1.8955790272625421,nan,nan,nan,2.0259151375032394,nan,nan,nan,0
0.25,0.5,0.3,0.48,trot,0.05,8,0,0.0,1.0,1.0,1.0,0.0,0.0,1.0,0.0,6.35309775060653,nan,nan,nan,4.487180732085058,nan,nan,nan,4.207745215510087,nan,nan,nan,6.116907835049409,nan,nan,nan,0
0.25,0.625,0.3,0.48,trot,0.05,8,0,0.0,1.0,1.0,1.0,0.0,0.0,1.0,0.0,2.212146671644988,nan,nan,nan,2.022520425779281,nan,nan,nan,1.982814776368944,nan,nan,nan,2.1801450741605537,nan,nan,nan,0
0.25,0.75,0.3,0.48,trot,0.05,8,0,0.0,1.0,1.0,1.0,0.0,0.0,1.0,0.0,1.3586010074028652,nan,nan,nan,1.294017947488709,nan,nan,nan,1.2098248805335228,nan,nan,nan,1.302243297084058,nan,nan,nan,0
0.25,0.5,0.4,0.48,trot,0.05,8,0,0.0,1.0,1.0,1.0,0.0,0.0,1.0,0.0,6.87852946973416,nan,nan,nan,5.747039866256911,nan,nan,nan,5.515434694695224,nan,nan,nan,6.748872080885532,nan,nan,nan,0
0.25,0.625,0.4,0.48,trot,0.05,8,0,0.0,1.0,1.0,0.0,0.0,0.0,1.0,0.0,2.890119486979397,nan,nan,nan,2.3607956099964857,nan,nan,nan,2.331596002581774,nan,nan,nan,2.863404739373517,nan,nan,nan,0
0.25,0.75,0.4,0.48,trot,0.05,8,0,0.0,1.0,1.0,0.0,0.0,0.0,1.0,0.0,1.5276823784391431,nan,nan,nan,1.351882044016225,nan,nan,nan,1.2658296927101038,nan,nan,nan,1.4742031054382534,nan,nan,nan,0
0.25,0.5,0.5,0.48,trot,0.05,8,0,0.0,0.0,1.0,1.0,0.0,0.0,1.0,0.0,10.0282425422394,nan,nan,nan,9.863651449400987,nan,nan,nan,9.821905293439574,nan,nan,nan,9.93605894175011,nan,nan,nan,0
0.25,0.625,0.5,0.48,trot,0.05,8,0,0.0,1.0,1.0,0.0,0.0,0.0,1.0,0.0,4.359452273494085,nan,nan,nan,3.4508225481763164,nan,nan,nan,3.427866522331814,nan,nan,nan,4.311780745948274,nan,nan,nan,0
0.25,0.75,0.5,0.48,trot,0.05,8,0,0.0,1.0,1.0,0.0,0.0,0.0,1.0,0.0,1.6964962499461755,nan,nan,nan,1.4775567377521863,nan,nan,nan,1.4539205570977902,nan,nan,nan,1.6762261211569383,nan,nan,nan,0
0.3,0.5,0.1,0.48,trot,0.05,8,0,0.0,0.75,1.0,0.0,0.0,0.0,1.0,0.0,28.376247039610465,nan,nan,nan,24.415720918795888,nan,nan,nan,24.19407518981634,nan,nan,nan,28.063987164774723,nan,nan,nan,0
0.3,0.625,0.1,0.48,trot,0.05,8,0,0.0,1.0,1.0,0.0,0.0,0.0,1.0,0.0,18.229235317906312,nan,nan,nan,17.360326446014867,nan,nan,nan,17.310938150782107,nan,nan,nan,18.181387886268524,nan,nan,nan,0
0.3,0.75,0.1,0.48,trot,0.05,8,0,0.0,1.0,1.0,1.0,0.0,0.0,1.0,0.0,4.438282008588901,nan,nan,nan,3.791874684232271,nan,nan,nan,3.7645069401958002,nan,nan,nan,4.414225571080493,nan,nan,nan,0
0.3,0.5,0.2,0.48,trot,0.05,8,0,0.0,0.5,1.0,0.0,0.0,0.0,1.0,0.0,16.28309897933561,nan,nan,nan,15.056487117110168,nan,nan,nan,14.8779112400425,nan,nan,nan,16.118457932495215,nan,nan,nan,0
0.3,0.625,0.2,0.48,trot,0.05,8,0,0.0,1.0,1.0,1.0,0.0,0.0,1.0,0.0,3.532386417980158,nan,nan,nan,3.0321999698540707,nan,nan,nan,3.016409858988694,nan,nan,nan,3.5193351419267627,nan,nan,nan,0
0.3,0.75,0.2,0.48,trot,0.05,8,0,0.0,1.0,1.0,1.0,0.0,0.0,1.0,0.0,1.8716728658490458,nan,nan,nan,1.7656174409660794,nan,nan,nan,1.7542434484281637,nan,nan,nan,1.8607704706842745,nan,nan,nan,0
0.3,0.5,0.3,0.48,trot,0.05,8,0,0.0,1.0,1.0,1.0,0.0,0.0,1.0,0.0,6.465262214685686,nan,nan,nan,4.747442384675082,nan,nan,nan,4.582013504637795,nan,nan,nan,6.303737211813239,nan,nan,nan,0
0.3,0.625,0.3,0.48,trot,0.05,8,0,0.0,1.0,1.0,1.0,0.0,0.0,1.0,0.0,2.4174953988403765,nan,nan,nan,2.188715985092583,nan,nan,nan,2.1691042020797964,nan,nan,nan,2.402439157645647,nan,nan,nan,0
0.3,0.75,0.3,0.48,trot,0.05,8,0,0.0,1.0,1.0,1.0,0.0,0.0,1.0,0.0,1.5102884263039782,nan,nan,nan,1.3704402253850905,nan,nan,nan,1.3206644418360747,nan,nan,nan,1.4704726374301007,nan,nan,nan,0
0.3,0.5,0.4,0.48,trot,0.05,8,0,0.0,0.75,1.0,1.0,0.0,0.0,1.0,0.0,7.208542751548782,nan,nan,nan,4.986133866565308,nan,nan,nan,4.850293665171066,nan,nan,nan,7.022647287773083,nan,nan,nan,0
0.3,0.625,0.4,0.48,trot,0.05,8,0,0.0,1.0,1.0,0.0,0.0,0.0,1.0,0.0,2.796557829284163,nan,nan,nan,2.265126394470885,nan,nan,nan,2.2328154269948177,nan,nan,nan,2.7612315900062474,nan,nan,nan,0
0.3,0.75,0.4,0.48,trot,0.05,8,0,0.0,1.0,1.0,0.0,0.0,0.0,1.0,0.0,1.4634015285817297,nan,nan,nan,1.3105647602786896,nan,nan,nan,1.2867338104007748,nan,nan,nan,1.4488480787714404,nan,nan,nan,0
0.3,0.5,0.5,0.48,trot,0.05,8,0,0.0,1.0,1.0,1.0,0.0,0.0,1.0,0.0,7.655696255775979,nan,nan,nan,4.907637570875263,nan,nan,nan,4.792503053204591,nan,nan,nan,7.54107263469145,nan,nan,nan,0
0.3,0.625,0.5,0.48,trot,0.05,8,0,0.0,1.0,1.0,0.0,0.0,0.0,1.0,0.0,4.6160991893812975,nan,nan,nan,3.9579012660903814,nan,nan,nan,3.948500014518708,nan,nan,nan,4.592573748542415,nan,nan,nan,0
0.3,0.75,0.5,0.48,trot,0.05,8,0,0.0,1.0,1.0,0.0,0.0,0.0,1.0,0.0,1.8408067627219449,nan,nan,nan,1.642008293766983,nan,nan,nan,1.5663619307492285,nan,nan,nan,1.792703446765259,nan,nan,nan,0
0.35,0.5,0.1,0.48,trot,0.05,8,0,0.0,0.5,1.0,0.0,0.0,0.0,1.0,0.0,26.66865277186912,nan,nan,nan,22.464457936603043,nan,nan,nan,22.192656234976187,nan,nan,nan,26.42269631062927,nan,nan,nan,0
0.35,0.625,0.1,0.48,trot,0.05,8,0,0.0,1.0,1.0,0.0,0.0,0.0,1.0,0.0,16.444558685976478,nan,nan,nan,15.471264979413949,nan,nan,nan,15.43498779998006,nan,nan,nan,16.408260529113413,nan,nan,nan,0
0.35,0.75,0.1,0.48,trot,0.05,8,0,0.0,1.0,1.0,1.0,0.0,0.0,1.0,0.0,4.5422962848070085,nan,nan,nan,3.905306805892694,nan,nan,nan,3.880055356404248,nan,nan,nan,4.519058077868059,nan,nan,nan,0
0.35,0.5,0.2,0.48,trot,0.05,8,0,0.0,0.375,1.0,0.0,0.0,0.0,1.0,0.0,15.459780451116771,nan,nan,nan,13.910256710507198,nan,nan,nan,13.742547960871631,nan,nan,nan,15.30005190302946,nan,nan,nan,0
0.35,0.625,0.2,0.48,trot,0.05,8,0,0.0,1.0,1.0,1.0,0.0,0.0,1.0,0.0,3.6491532368480106,nan,nan,nan,3.114359220370416,nan,nan,nan,3.106031947969475,nan,nan,nan,3.6423549242630733,nan,nan,nan,0
0.35,0.75,0.2,0.48,trot,0.05,8,0,0.0,1.0,1.0,1.0,0.0,0.0,1.0,0.0,1.861794100531987,nan,nan,nan,1.714405629910333,nan,nan,nan,1.7069759589638653,nan,nan,nan,1.857211695129835,nan,nan,nan,0
0.35,0.5,0.3,0.48,trot,0.05,8,0,0.0,0.875,1.0,1.0,0.0,0.0,1.0,0.0,6.597824508053772,nan,nan,nan,6.551509872283351,nan,nan,nan,6.411397158431942,nan,nan,nan,6.45142327534377,nan,nan,nan,0
0.35,0.625,0.3,0.48,trot,0.05,8,0,0.0,1.0,1.0,1.0,0.0,0.0,1.0,0.0,2.5408770710143127,nan,nan,nan,2.2171852542438937,nan,nan,nan,2.208607400233002,nan,nan,nan,2.5325695638252403,nan,nan,nan,0
0.35,0.75,0.3,0.48,trot,0.05,8,0,0.0,1.0,1.0,1.0,0.0,0.0,1.0,0.0,1.2646546157838374,nan,nan,nan,1.1845618483849716,nan,nan,nan,1.139518285820298,nan,nan,nan,1.2467922312428552,nan,nan,nan,0
0.35,0.5,0.4,0.48,trot,0.05,8,0,0.0,0.625,1.0,1.0,0.0,0.0,1.0,0.0,11.175009251302491,nan,nan,nan,5.494374537979395,nan,nan,nan,5.310217285399003,nan,nan,nan,11.025111928650354,nan,nan,nan,0
0.35,0.625,0.4,0.48,trot,0.05,8,0,0.0,1.0,1.0,0.0,0.0,0.0,1.0,0.0,3.3991894981447808,nan,nan,nan,2.8458187775564703,nan,nan,nan,2.773384703232451,nan,nan,nan,3.3249004961812707,nan,nan,nan,0
0.35,0.75,0.4,0.48,trot,0.05,8,0,0.0,1.0,1.0,0.0,0.0,0.0,1.0,0.0,1.6464715653635105,nan,nan,nan,1.4372522764783846,nan,nan,nan,1.321529831416157,nan,nan,nan,1.5838030501499218,nan,nan,nan,0
0.35,0.5,0.5,0.48,trot,0.05,8,0,0.0,0.375,1.0,1.0,0.0,0.0,1.0,0.0,33.24802575094783,nan,nan,nan,13.860614183551277,nan,nan,nan,13.456453221254833,nan,nan,nan,32.0386274295952,nan,nan,nan,0
0.35,0.625,0.5,0.48,trot,0.05,8,0,0.0,1.0,1.0,0.0,0.0,0.0,1.0,0.0,4.786126607995945,nan,nan,nan,4.063465522438909,nan,nan,nan,4.052639595453289,nan,nan,nan,4.775101139567082,nan,nan,nan,0
0.35,0.75,0.5,0.48,trot,0.05,8,0,0.0,1.0,1.0,0.0,0.0,0.0,1.0,0.0,2.0254390593739124,nan,nan,nan,1.768790191191564,nan,nan,nan,1.736778574662083,nan,nan,nan,1.975555827797468,nan,nan,nan,0
0.4,0.5,0.1,0.48,trot,0.05,8,0,0.0,0.375,1.0,0.0,0.0,0.0,1.0,0.0,25.85522722057528,nan,nan,nan,22.31157599917212,nan,nan,nan,22.072514495041155,nan,nan,nan,25.662374229649537,nan,nan,nan,0
0.4,0.625,0.1,0.48,trot,0.05,8,0,0.0,1.0,1.0,0.0,0.0,0.0,1.0,0.0,14.226489239839673,nan,nan,nan,13.028375683991229,nan,nan,nan,12.983883653328832,nan,nan,nan,14.182804738724418,nan,nan,nan,0
0.4,0.75,0.1,0.48,trot,0.05,8,0,0.0,1.0,1.0,1.0,0.0,0.0,1.0,0.0,3.8230362089364958,nan,nan,nan,3.3389199240921394,nan,nan,nan,3.316837222544608,nan,nan,nan,3.803803284966509,nan,nan,nan,0
0.4,0.5,0.2,0.48,trot,0.05,8,0,0.0,0.25,1.0,0.0,0.0,0.0,1.0,0.0,17.14282800093706,nan,nan,nan,14.532390581600286,nan,nan,nan,14.389771873781417,nan,nan,nan,16.962697383944917,nan,nan,nan,0
0.4,0.625,0.2,0.48,trot,0.05,8,0,0.0,1.0,1.0,1.0,0.0,0.0,1.0,0.0,3.325161038738827,nan,nan,nan,2.8937242509824577,nan,nan,nan,2.885012569364968,nan,nan,nan,3.3182268335933744,nan,nan,nan,0
0.4,0.75,0.2,0.48,trot,0.05,8,0,0.0,1.0,1.0,0.0,0.0,0.0,1.0,0.0,1.4873012180389695,nan,nan,nan,1.4110015360870887,nan,nan,nan,1.3868468581974485,nan,nan,nan,1.4658728775852987,nan,nan,nan,0
0.4,0.5,0.3,0.48,trot,0.05,8,0,0.0,0.75,1.0,1.0,0.0,0.0,1.0,0.0,7.10203245764164,nan,nan,nan,6.345489171820843,nan,nan,nan,6.186765585495529,nan,nan,nan,7.004298979330381,nan,nan,nan,0
0.4,0.625,0.3,0.48,trot,0.05,8,0,0.0,1.0,1.0,1.0,0.0,0.0,1.0,0.0,3.1386325203414933,nan,nan,nan,2.6142597152253537,nan,nan,nan,2.6122198417186517,nan,nan,nan,3.134933458059835,nan,nan,nan,0
0.4,0.75,0.3,0.48,trot,0.05,8,0,0.0,1.0,1.0,0.0,0.0,0.0,1.0,0.0,1.3066737881797035,nan,nan,nan,1.2386912658808438,nan,nan,nan,1.1566685668930736,nan,nan,nan,1.2632700507079866,nan,nan,nan,0
0.4,0.5,0.4,0.48,trot,0.05,8,0,0.0,0.75,1.0,1.0,0.0,0.0,1.0,0.0,9.606102988523215,nan,nan,nan,6.74859752182471,nan,nan,nan,6.397880482777338,nan,nan,nan,9.410201653795088,nan,nan,nan,0
0.4,0.625,0.4,0.48,trot,0.05,8,0,0.0,1.0,1.0,0.0,0.0,0.0,1.0,0.0,5.338243875481305,nan,nan,nan,4.684380819901486,nan,nan,nan,4.673990969063919,nan,nan,nan,5.325343545521061,nan,nan,nan,0
0.4,0.75,0.4,0.48,trot,0.05,8,0,0.0,1.0,1.0,0.0,0.0,0.0,1.0,0.0,1.684012386074503,nan,nan,nan,1.4903280748716363,nan,nan,nan,1.4573793315243684,nan,nan,nan,1.636016435792587,nan,nan,nan,0
0.4,0.5,0.5,0.48,trot,0.05,8,0,0.0,0.375,1.0,1.0,0.0,0.0,1.0,0.0,16.820435025203633,nan,nan,nan,46.92842636260985,nan,nan,nan,45.25727127957589,nan,nan,nan,16.05160921772682,nan,nan,nan,0
0.4,0.625,0.5,0.48,trot,0.05,8,0,0.0,1.0,1.0,0.0,0.0,0.0,1.0,0.0,5.287951974377842,nan,nan,nan,4.426861451040294,nan,nan,nan,4.4072073079633265,nan,nan,nan,5.267427740991792,nan,nan,nan,0
0.4,0.75,0.5,0.48,trot,0.05,8,0,0.0,1.0,1.0,0.0,0.0,0.0,1.0,0.0,2.251162558278006,nan,nan,nan,1.9985977714893657,nan,nan,nan,1.963250238549282,nan,nan,nan,2.2187919743328957,nan,nan,nan,0
0.25,0.75,0.1,0.48,walk,0.05,8,0,0.0,1.0,1.0,0.0,0.0,0.0,1.0,0.0,5.3046397757821815,nan,nan,nan,4.0953250947556015,nan,nan,nan,3.963137252670417,nan,nan,nan,5.2137866054206246,nan,nan,nan,0
0.25,0.75,0.2,0.48,walk,0.05,8,0,0.0,1.0,1.0,0.0,0.0,0.0,1.0,0.0,1.7667817831399588,nan,nan,nan,1.5763383774526456,nan,nan,nan,1.522377198831098,nan,nan,nan,1.7318599444569176,nan,nan,nan,0
0.25,0.75,0.3,0.48,walk,0.05,8,0,0.0,1.0,1.0,0.0,0.0,0.0,1.0,0.0,1.7361637047904175,nan,nan,nan,1.4765738408104427,nan,nan,nan,1.4491141994207266,nan,nan,nan,1.7184006471311317,nan,nan,nan,0
0.25,0.75,0.4,0.48,walk,0.05,8,0,0.0,1.0,1.0,0.0,0.0,0.0,1.0,0.0,2.04593643101935,nan,nan,nan,1.767530057471085,nan,nan,nan,1.7098335836386127,nan,nan,nan,1.9784977495587797,nan,nan,nan,0
0.25,0.75,0.5,0.48,walk,0.05,8,0,0.0,1.0,1.0,0.0,0.0,0.0,1.0,0.0,2.9677743408752453,nan,nan,nan,2.6128826475321483,nan,nan,nan,2.6022985168923696,nan,nan,nan,2.960673177132275,nan,nan,nan,0
0.3,0.75,0.1,0.48,walk,0.05,8,0,0.0,1.0,1.0,0.0,0.0,0.0,1.0,0.0,5.4166269144403465,nan,nan,nan,4.1639699194609445,nan,nan,nan,4.070151811440178,nan,nan,nan,5.3434567518314875,nan,nan,nan,0
0.3,0.75,0.2,0.48,walk,0.05,8,0,0.0,1.0,1.0,0.0,0.0,0.0,1.0,0.0,1.6844612067833316,nan,nan,nan,1.5355845574662093,nan,nan,nan,1.4904618816905746,nan,nan,nan,1.6487583106244565,nan,nan,nan,0
0.3,0.75,0.3,0.48,walk,0.05,8,0,0.0,1.0,1.0,0.0,0.0,0.0,1.0,0.0,2.019407589984805,nan,nan,nan,1.7978202980812044,nan,nan,nan,1.7758085256743454,nan,nan,nan,1.9902404306294077,nan,nan,nan,0
0.3,0.75,0.4,0.48,walk,0.05,8,0,0.0,1.0,1.0,0.0,0.0,0.0,1.0,0.0,2.665784579739275,nan,nan,nan,2.2894258045181113,nan,nan,nan,2.2599798416822563,nan,nan,nan,2.608443637153286,nan,nan,nan,0
0.3,0.75,0.5,0.48,walk,0.05,8,0,0.0,1.0,1.0,0.0,0.0,0.0,1.0,0.0,2.796682074964358,nan,nan,nan,2.465642911580121,nan,nan,nan,2.4472162529803585,nan,nan,nan,2.785310399220453,nan,nan,nan,0
0.35,0.75,0.1,0.48,walk,0.05,8,0,0.0,1.0,1.0,0.0,0.0,0.0,1.0,0.0,5.296716736126583,nan,nan,nan,4.048290852522914,nan,nan,nan,3.9609141960790106,nan,nan,nan,5.211009402442791,nan,nan,nan,0
0.35,0.75,0.2,0.48,walk,0.05,8,0,0.0,1.0,1.0,0.0,0.0,0.0,1.0,0.0,1.8033939842994142,nan,nan,nan,1.6181608104991325,nan,nan,nan,1.5736196991845426,nan,nan,nan,1.7775880801510437,nan,nan,nan,0
0.35,0.75,0.3,0.48,walk,0.05,8,0,0.0,1.0,1.0,0.0,0.0,0.0,1.0,0.0,3.2318146239989005,nan,nan,nan,2.687593853556397,nan,nan,nan,2.592593328797115,nan,nan,nan,3.141218273309565,nan,nan,nan,0
0.35,0.75,0.4,0.48,walk,0.05,8,0,0.0,1.0,1.0,0.0,0.0,0.0,1.0,0.0,4.944577902542327,nan,nan,nan,3.626448241521717,nan,nan,nan,3.5668549984786138,nan,nan,nan,4.913501643244096,nan,nan,nan,0
0.35,0.75,0.5,0.48,walk,0.05,8,0,0.0,1.0,1.0,0.0,0.0,0.0,1.0,0.0,3.621852192412471,nan,nan,nan,3.0915236407047524,nan,nan,nan,3.062669179761654,nan,nan,nan,3.6043369263335947,nan,nan,nan,0
0.4,0.75,0.1,0.48,walk,0.05,8,0,0.0,1.0,1.0,0.0,0.0,0.0,1.0,0.0,4.891144908551567,nan,nan,nan,3.745322064634043,nan,nan,nan,3.6596998892283326,nan,nan,nan,4.8272925317154085,nan,nan,nan,0
0.4,0.75,0.2,0.48,walk,0.05,8,0,0.0,1.0,1.0,0.0,0.0,0.0,1.0,0.0,1.8205506601723536,nan,nan,nan,1.5787171113188474,nan,nan,nan,1.5493619599808226,nan,nan,nan,1.7712977807664507,nan,nan,nan,0
0.4,0.75,0.3,0.48,walk,0.05,8,0,0.0,1.0,1.0,0.0,0.0,0.0,1.0,0.0,3.01897517250657,nan,nan,nan,2.674809019672348,nan,nan,nan,2.641053863014947,nan,nan,nan,2.9533955995348093,nan,nan,nan,0
0.4,0.75,0.4,0.48,walk,0.05,8,0,0.0,1.0,1.0,0.0,0.0,0.0,1.0,0.0,5.169320730950513,nan,nan,nan,4.3815372240799695,nan,nan,nan,4.347576345968047,nan,nan,nan,4.926259423619925,nan,nan,nan,0
0.4,0.75,0.5,0.48,walk,0.05,8,0,0.0,1.0,1.0,0.0,0.0,0.0,1.0,0.0,4.27978403764298,nan,nan,nan,3.5962512792573413,nan,nan,nan,3.569457254792,nan,nan,nan,4.250133206545998,nan,nan,nan,0
