speed,command_df,step_width,period,gait,references,valid_references,energy_reference_valid_rate,energy_condition_valid,positive_mechanical_cot_median,absolute_mechanical_cot_median
0.25,0.5,0.1,0.48,trot,8,0,0.0,0,nan,nan
0.25,0.625,0.1,0.48,trot,8,8,1.0,1,0.23335215587638278,0.48265138471716595
0.25,0.75,0.1,0.48,trot,8,8,1.0,1,0.32221183448855717,0.6517090746872107
0.25,0.5,0.2,0.48,trot,8,8,1.0,1,0.2032523669664203,0.41837606557499474
0.25,0.625,0.2,0.48,trot,8,8,1.0,1,0.24298586063932467,0.4771684799646002
0.25,0.75,0.2,0.48,trot,8,8,1.0,1,0.3138887507674819,0.621793110118386
0.25,0.5,0.3,0.48,trot,8,8,1.0,1,0.2272471797839674,0.4858362310677393
0.25,0.625,0.3,0.48,trot,8,8,1.0,1,0.2362803608508205,0.47181116459483
0.25,0.75,0.3,0.48,trot,8,8,1.0,1,0.3090859025018945,0.6101177412044257
0.25,0.5,0.4,0.48,trot,8,8,1.0,1,0.2591483057063817,0.5168726518878588
0.25,0.625,0.4,0.48,trot,8,8,1.0,1,0.26377149119702825,0.4899780251919882
0.25,0.75,0.4,0.48,trot,8,8,1.0,1,0.31312832794988027,0.600045903257016
0.25,0.5,0.5,0.48,trot,8,0,0.0,0,nan,nan
0.25,0.625,0.5,0.48,trot,8,8,1.0,1,0.2845627358839378,0.5094815956749126
0.25,0.75,0.5,0.48,trot,8,8,1.0,1,0.3359570412968711,0.6060859166614503
0.3,0.5,0.1,0.48,trot,8,6,0.75,0,0.17965474126800152,0.38099605623100435
0.3,0.625,0.1,0.48,trot,8,8,1.0,1,0.21952997802777954,0.4464154661785279
0.3,0.75,0.1,0.48,trot,8,8,1.0,1,0.3010142458599537,0.6094553755178576
0.3,0.5,0.2,0.48,trot,8,4,0.5,0,0.1782851734977175,0.3974860584213402
0.3,0.625,0.2,0.48,trot,8,8,1.0,1,0.2248132422458894,0.4416138439331516
0.3,0.75,0.2,0.48,trot,8,8,1.0,1,0.2962150214463831,0.5898189600215518
0.3,0.5,0.3,0.48,trot,8,8,1.0,1,0.21886566714650302,0.4306269845132895
0.3,0.625,0.3,0.48,trot,8,8,1.0,1,0.2167475164265176,0.43075781822583564
0.3,0.75,0.3,0.48,trot,8,8,1.0,1,0.29076384907874087,0.5731480768448107
0.3,0.5,0.4,0.48,trot,8,6,0.75,0,0.2578822943895374,0.4962167521757454
0.3,0.625,0.4,0.48,trot,8,8,1.0,1,0.23668198406591456,0.4440863007202339
0.3,0.75,0.4,0.48,trot,8,8,1.0,1,0.29467497270597676,0.5649345457614944
0.3,0.5,0.5,0.48,trot,8,8,1.0,1,0.29129204470103365,0.5276411927126641
0.3,0.625,0.5,0.48,trot,8,8,1.0,1,0.26035175983248493,0.47370270693731586
0.3,0.75,0.5,0.48,trot,8,8,1.0,1,0.3168310415748002,0.576893051470549
0.35,0.5,0.1,0.48,trot,8,4,0.5,0,0.1763007802000392,0.37522696123636107
0.35,0.625,0.1,0.48,trot,8,8,1.0,1,0.21185255068059206,0.43066778609891176
0.35,0.75,0.1,0.48,trot,8,8,1.0,1,0.2849820386547788,0.5798681060520683
0.35,0.5,0.2,0.48,trot,8,3,0.375,0,0.17213440942512132,0.38257971827001175
0.35,0.625,0.2,0.48,trot,8,8,1.0,1,0.21316332878947275,0.4227746809307955
0.35,0.75,0.2,0.48,trot,8,8,1.0,1,0.2801032346211553,0.5662216657772567
0.35,0.5,0.3,0.48,trot,8,7,0.875,0,0.21095811647775586,0.41915749611731085
0.35,0.625,0.3,0.48,trot,8,8,1.0,1,0.2048571628585906,0.4116446423114412
0.35,0.75,0.3,0.48,trot,8,8,1.0,1,0.28311857782807576,0.5681165971692409
0.35,0.5,0.4,0.48,trot,8,5,0.625,0,0.23796021850421697,0.4635932655716594
0.35,0.625,0.4,0.48,trot,8,8,1.0,1,0.22220963982556208,0.43027654525421766
0.35,0.75,0.4,0.48,trot,8,8,1.0,1,0.2875212281887971,0.5574127770187856
0.35,0.5,0.5,0.48,trot,8,3,0.375,0,0.28070552659621284,0.5111489617226359
0.35,0.625,0.5,0.48,trot,8,8,1.0,1,0.2516066051527043,0.46401901198336976
0.35,0.75,0.5,0.48,trot,8,8,1.0,1,0.30487617826303043,0.5684812774321832
0.4,0.5,0.1,0.48,trot,8,3,0.375,0,0.17938196839470816,0.3765116612487498
0.4,0.625,0.1,0.48,trot,8,8,1.0,1,0.21110559125419967,0.4306285998627611
0.4,0.75,0.1,0.48,trot,8,8,1.0,1,0.2719621871748371,0.5622756438177366
0.4,0.5,0.2,0.48,trot,8,2,0.25,0,0.16747225893906234,0.3705458646256656
0.4,0.625,0.2,0.48,trot,8,8,1.0,1,0.20857707544599194,0.41710465761311133
0.4,0.75,0.2,0.48,trot,8,8,1.0,1,0.27449531873911653,0.5603039184576695
0.4,0.5,0.3,0.48,trot,8,6,0.75,0,0.2000467349318053,0.3997577423247224
0.4,0.625,0.3,0.48,trot,8,8,1.0,1,0.2070244801608088,0.41281524311729995
0.4,0.75,0.3,0.48,trot,8,8,1.0,1,0.27872238744406375,0.5641564254380305
0.4,0.5,0.4,0.48,trot,8,6,0.75,0,0.23494583990820045,0.4531988998176704
0.4,0.625,0.4,0.48,trot,8,8,1.0,1,0.2210169863073456,0.43355154769635096
0.4,0.75,0.4,0.48,trot,8,8,1.0,1,0.28032230198557606,0.5571176250111057
0.4,0.5,0.5,0.48,trot,8,3,0.375,0,0.26638766333434105,0.48896234014132967
0.4,0.625,0.5,0.48,trot,8,8,1.0,1,0.24548548911698917,0.46077568236933997
0.4,0.75,0.5,0.48,trot,8,8,1.0,1,0.29816214943000985,0.575176062093506
0.25,0.75,0.1,0.48,walk,8,8,1.0,1,0.34557063831371254,0.6948205720910607
0.25,0.75,0.2,0.48,walk,8,8,1.0,1,0.3469053600293921,0.6787953252073543
0.25,0.75,0.3,0.48,walk,8,8,1.0,1,0.3942669921841686,0.7637901784062147
0.25,0.75,0.4,0.48,walk,8,8,1.0,1,0.4676146751800028,0.8918774619796812
0.25,0.75,0.5,0.48,walk,8,8,1.0,1,0.5107687160311412,0.9407216966871548
0.3,0.75,0.1,0.48,walk,8,8,1.0,1,0.32476447379393547,0.6541318575314691
0.3,0.75,0.2,0.48,walk,8,8,1.0,1,0.3317266369294849,0.6500868489122493
0.3,0.75,0.3,0.48,walk,8,8,1.0,1,0.36644405751183634,0.7185927096484344
0.3,0.75,0.4,0.48,walk,8,8,1.0,1,0.4375970982791758,0.8325912500033084
0.3,0.75,0.5,0.48,walk,8,8,1.0,1,0.48021850847893055,0.870547732568815
0.35,0.75,0.1,0.48,walk,8,8,1.0,1,0.30763695678113323,0.6216996637643879
0.35,0.75,0.2,0.48,walk,8,8,1.0,1,0.32028563759529666,0.6333429332955882
0.35,0.75,0.3,0.48,walk,8,8,1.0,1,0.34997841303841415,0.6858445887417773
0.35,0.75,0.4,0.48,walk,8,8,1.0,1,0.40288339497120906,0.7746497664094916
0.35,0.75,0.5,0.48,walk,8,8,1.0,1,0.4387930428378124,0.8105978079149534
0.4,0.75,0.1,0.48,walk,8,8,1.0,1,0.2957963924250717,0.6049416833533758
0.4,0.75,0.2,0.48,walk,8,8,1.0,1,0.31068896313789235,0.620668630977306
0.4,0.75,0.3,0.48,walk,8,8,1.0,1,0.344351597706622,0.671953745992249
0.4,0.75,0.4,0.48,walk,8,8,1.0,1,0.38505678879180155,0.7353892362769633
0.4,0.75,0.5,0.48,walk,8,8,1.0,1,0.41647684181415945,0.7736378525954026
