speed,command_df,step_width,period,gait,perturbation_h,references,valid_references,reference_valid_rate,periodic_orbit_gate_pass_rate,command_gate_pass_rate,hybrid_topology_gate_pass_rate,translation_symmetry_gate_pass_rate,numerical_gate_pass_rate,rank_gate_pass_rate,finite_difference_gate_pass_rate,chi_augmented_diagnostic_median,chi_augmented_median,chi_augmented_q025,chi_augmented_q975,chi_physical_conditional_diagnostic_median,chi_physical_conditional_median,chi_physical_conditional_q025,chi_physical_conditional_q975,chi_orbital_physical_diagnostic_median,chi_orbital_physical_median,chi_orbital_physical_q025,chi_orbital_physical_q975,chi_orbital_augmented_diagnostic_median,chi_orbital_augmented_median,chi_orbital_augmented_q025,chi_orbital_augmented_q975
0.25,0.5,0.1,0.48,trot,0.025,8,0,0.0,0.0,1.0,0.0,0.0,0.0,1.0,0.0,124.48057998860239,nan,nan,nan,261.45256634796226,nan,nan,nan,252.1305140322183,nan,nan,nan,121.87837978633468,nan,nan,nan
0.25,0.5,0.1,0.48,trot,0.05,8,0,0.0,0.0,1.0,0.0,0.0,0.0,1.0,0.0,73.4661657076198,nan,nan,nan,54.58291217791669,nan,nan,nan,53.7900102800606,nan,nan,nan,72.80091257627376,nan,nan,nan
0.25,0.5,0.1,0.48,trot,0.1,8,0,0.0,0.0,1.0,0.0,0.0,0.0,1.0,0.0,20.681714349590585,nan,nan,nan,17.683889437423314,nan,nan,nan,17.280844083770113,nan,nan,nan,20.427067040968524,nan,nan,nan
0.25,0.625,0.1,0.48,trot,0.025,8,0,0.0,1.0,1.0,0.0,0.0,0.0,1.0,0.0,30.095835351548363,nan,nan,nan,29.223865687554174,nan,nan,nan,29.16184811957925,nan,nan,nan,30.068005771886526,nan,nan,nan
0.25,0.625,0.1,0.48,trot,0.05,8,0,0.0,1.0,1.0,0.0,0.0,0.0,1.0,0.0,19.964894263825208,nan,nan,nan,18.976976666440464,nan,nan,nan,18.919791159237498,nan,nan,nan,19.90582089688563,nan,nan,nan
0.25,0.625,0.1,0.48,trot,0.1,8,0,0.0,1.0,1.0,0.0,0.0,0.0,1.0,0.0,14.485938721229434,nan,nan,nan,13.366411198065284,nan,nan,nan,13.302360637786935,nan,nan,nan,14.423484160523241,nan,nan,nan
0.25,0.75,0.1,0.48,trot,0.025,8,0,0.0,1.0,1.0,1.0,0.0,0.0,1.0,0.0,4.548152478041206,nan,nan,nan,3.8064101262035575,nan,nan,nan,3.7798936940124612,nan,nan,nan,4.511748580004776,nan,nan,nan
0.25,0.75,0.1,0.48,trot,0.05,8,0,0.0,1.0,1.0,1.0,0.0,0.0,1.0,0.0,4.811119838121803,nan,nan,nan,4.1160238269818725,nan,nan,nan,4.0814041300715544,nan,nan,nan,4.781817562942347,nan,nan,nan
0.25,0.75,0.1,0.48,trot,0.1,8,0,0.0,1.0,1.0,0.0,0.0,0.0,1.0,0.0,4.7162654133971245,nan,nan,nan,4.0485136233425605,nan,nan,nan,4.013917290552548,nan,nan,nan,4.687294678301897,nan,nan,nan
0.25,0.5,0.2,0.48,trot,0.025,8,0,0.0,1.0,1.0,1.0,0.0,0.0,1.0,0.0,16.320318000249376,nan,nan,nan,13.65681088718938,nan,nan,nan,13.39380003227947,nan,nan,nan,16.118545147066726,nan,nan,nan
0.25,0.5,0.2,0.48,trot,0.05,8,0,0.0,1.0,1.0,0.0,0.0,0.0,1.0,0.0,16.597807048489866,nan,nan,nan,15.469526919826833,nan,nan,nan,15.312990501615637,nan,nan,nan,16.448540593595204,nan,nan,nan
0.25,0.5,0.2,0.48,trot,0.1,8,0,0.0,1.0,1.0,0.0,0.0,0.0,1.0,0.0,12.34259344244892,nan,nan,nan,11.390414515033072,nan,nan,nan,11.185180230838093,nan,nan,nan,12.15191267587978,nan,nan,nan
0.25,0.625,0.2,0.48,trot,0.025,8,0,0.0,1.0,1.0,1.0,0.0,0.0,1.0,0.0,3.0519707624892094,nan,nan,nan,2.640561720826633,nan,nan,nan,2.586967373750542,nan,nan,nan,3.004916269026553,nan,nan,nan
0.25,0.625,0.2,0.48,trot,0.05,8,0,0.0,1.0,1.0,1.0,0.0,0.0,1.0,0.0,3.5658606262221975,nan,nan,nan,3.033237341279416,nan,nan,nan,3.01799480004304,nan,nan,nan,3.5553839066820245,nan,nan,nan
0.25,0.625,0.2,0.48,trot,0.1,8,0,0.0,1.0,1.0,0.0,0.0,0.0,1.0,0.0,3.3676292629704907,nan,nan,nan,2.929462221789194,nan,nan,nan,2.888107932122776,nan,nan,nan,3.3334344890755165,nan,nan,nan
0.25,0.75,0.2,0.48,trot,0.025,8,0,0.0,1.0,1.0,1.0,0.0,0.0,1.0,0.0,2.6620724909099303,nan,nan,nan,2.429460426176653,nan,nan,nan,2.4222497455617225,nan,nan,nan,2.6568382006374884,nan,nan,nan
0.25,0.75,0.2,0.48,trot,0.05,8,0,0.0,1.0,1.0,1.0,0.0,0.0,1.0,0.0,2.030832572337551,nan,nan,nan,1.9017734950638574,nan,nan,nan,1.8955790272625421,nan,nan,nan,2.0259151375032394,nan,nan,nan
0.25,0.75,0.2,0.48,trot,0.1,8,0,0.0,1.0,1.0,0.0,0.0,0.0,1.0,0.0,1.949159582615702,nan,nan,nan,1.8407222648697268,nan,nan,nan,1.8311525609686654,nan,nan,nan,1.9403674607898393,nan,nan,nan
0.25,0.5,0.3,0.48,trot,0.025,8,0,0.0,1.0,1.0,1.0,0.0,0.0,1.0,0.0,13.035188040672418,nan,nan,nan,5.890988646124509,nan,nan,nan,5.628136124133508,nan,nan,nan,12.72652224933871,nan,nan,nan
0.25,0.5,0.3,0.48,trot,0.05,8,0,0.0,1.0,1.0,1.0,0.0,0.0,1.0,0.0,6.35309775060653,nan,nan,nan,4.487180732085058,nan,nan,nan,4.207745215510087,nan,nan,nan,6.116907835049409,nan,nan,nan
0.25,0.5,0.3,0.48,trot,0.1,8,0,0.0,1.0,1.0,0.0,0.0,0.0,1.0,0.0,5.901530230493613,nan,nan,nan,4.71767979582696,nan,nan,nan,4.473610551173206,nan,nan,nan,5.614737990704314,nan,nan,nan
0.25,0.625,0.3,0.48,trot,0.025,8,0,0.0,1.0,1.0,1.0,0.0,0.0,1.0,0.0,2.066253012814167,nan,nan,nan,1.778441133504121,nan,nan,nan,1.6847947533997125,nan,nan,nan,1.9925948726530325,nan,nan,nan
0.25,0.625,0.3,0.48,trot,0.05,8,0,0.0,1.0,1.0,1.0,0.0,0.0,1.0,0.0,2.212146671644988,nan,nan,nan,2.022520425779281,nan,nan,nan,1.982814776368944,nan,nan,nan,2.1801450741605537,nan,nan,nan
0.25,0.625,0.3,0.48,trot,0.1,8,0,0.0,1.0,1.0,0.0,0.0,0.0,1.0,0.0,1.7709518949485439,nan,nan,nan,1.6749789375093838,nan,nan,nan,1.6122451732033687,nan,nan,nan,1.7180620246925495,nan,nan,nan
0.25,0.75,0.3,0.48,trot,0.025,8,0,0.0,1.0,1.0,1.0,0.0,0.0,1.0,0.0,2.0125437588657307,nan,nan,nan,1.8172269482867236,nan,nan,nan,1.772907658365975,nan,nan,nan,1.9785771910036445,nan,nan,nan
0.25,0.75,0.3,0.48,trot,0.05,8,0,0.0,1.0,1.0,1.0,0.0,0.0,1.0,0.0,1.3586010074028652,nan,nan,nan,1.294017947488709,nan,nan,nan,1.2098248805335228,nan,nan,nan,1.302243297084058,nan,nan,nan
0.25,0.75,0.3,0.48,trot,0.1,8,0,0.0,1.0,1.0,0.0,0.0,0.0,1.0,0.0,1.3486214790757354,nan,nan,nan,1.280570521178742,nan,nan,nan,1.2043234247648817,nan,nan,nan,1.2944244975074188,nan,nan,nan
0.25,0.5,0.4,0.48,trot,0.025,8,0,0.0,1.0,1.0,1.0,0.0,0.0,1.0,0.0,22.018052401957387,nan,nan,nan,11.201241468581273,nan,nan,nan,11.11417710079316,nan,nan,nan,21.833333055015657,nan,nan,nan
0.25,0.5,0.4,0.48,trot,0.05,8,0,0.0,1.0,1.0,1.0,0.0,0.0,1.0,0.0,6.87852946973416,nan,nan,nan,5.747039866256911,nan,nan,nan,5.515434694695224,nan,nan,nan,6.748872080885532,nan,nan,nan
0.25,0.5,0.4,0.48,trot,0.1,8,0,0.0,1.0,1.0,0.0,0.0,0.0,1.0,0.0,7.230991204494986,nan,nan,nan,5.36399891109636,nan,nan,nan,5.12927903696904,nan,nan,nan,7.060440071937538,nan,nan,nan
0.25,0.625,0.4,0.48,trot,0.025,8,0,0.0,1.0,1.0,1.0,0.0,0.0,1.0,0.0,3.1676253522317466,nan,nan,nan,2.5724270184549116,nan,nan,nan,2.51133866386765,nan,nan,nan,3.103836515040425,nan,nan,nan
0.25,0.625,0.4,0.48,trot,0.05,8,0,0.0,1.0,1.0,0.0,0.0,0.0,1.0,0.0,2.890119486979397,nan,nan,nan,2.3607956099964857,nan,nan,nan,2.331596002581774,nan,nan,nan,2.863404739373517,nan,nan,nan
0.25,0.625,0.4,0.48,trot,0.1,8,0,0.0,1.0,1.0,0.0,0.0,0.0,1.0,0.0,2.0475882770326477,nan,nan,nan,1.8915849538748661,nan,nan,nan,1.822727756909507,nan,nan,nan,1.987749464206742,nan,nan,nan
0.25,0.75,0.4,0.48,trot,0.025,8,0,0.0,1.0,1.0,1.0,0.0,0.0,1.0,0.0,2.132651772512285,nan,nan,nan,1.8711438197633197,nan,nan,nan,1.8344834781903456,nan,nan,nan,2.0994379277915036,nan,nan,nan
0.25,0.75,0.4,0.48,trot,0.05,8,0,0.0,1.0,1.0,0.0,0.0,0.0,1.0,0.0,1.5276823784391431,nan,nan,nan,1.351882044016225,nan,nan,nan,1.2658296927101038,nan,nan,nan,1.4742031054382534,nan,nan,nan
0.25,0.75,0.4,0.48,trot,0.1,8,0,0.0,1.0,1.0,0.0,0.0,0.0,1.0,0.0,1.359597978751537,nan,nan,nan,1.2671532241081458,nan,nan,nan,1.1923463171612805,nan,nan,nan,1.3286815682907456,nan,nan,nan
0.25,0.5,0.5,0.48,trot,0.025,8,0,0.0,0.0,1.0,1.0,0.0,0.0,1.0,0.0,26.131630673008132,nan,nan,nan,29.95987523573878,nan,nan,nan,29.275495662526495,nan,nan,nan,25.842087270834604,nan,nan,nan
0.25,0.5,0.5,0.48,trot,0.05,8,0,0.0,0.0,1.0,1.0,0.0,0.0,1.0,0.0,10.0282425422394,nan,nan,nan,9.863651449400987,nan,nan,nan,9.821905293439574,nan,nan,nan,9.93605894175011,nan,nan,nan
0.25,0.5,0.5,0.48,trot,0.1,8,0,0.0,0.0,1.0,0.0,0.0,0.0,1.0,0.0,7.948045230739645,nan,nan,nan,5.911772507663149,nan,nan,nan,5.680259647272525,nan,nan,nan,7.767641327738099,nan,nan,nan
0.25,0.625,0.5,0.48,trot,0.025,8,0,0.0,1.0,1.0,1.0,0.0,0.0,1.0,0.0,9.707624091118497,nan,nan,nan,7.586047334907171,nan,nan,nan,7.417560011139049,nan,nan,nan,9.617512196508637,nan,nan,nan
0.25,0.625,0.5,0.48,trot,0.05,8,0,0.0,1.0,1.0,0.0,0.0,0.0,1.0,0.0,4.359452273494085,nan,nan,nan,3.4508225481763164,nan,nan,nan,3.427866522331814,nan,nan,nan,4.311780745948274,nan,nan,nan
0.25,0.625,0.5,0.48,trot,0.1,8,0,0.0,1.0,1.0,0.0,0.0,0.0,1.0,0.0,2.9836032487187385,nan,nan,nan,2.668157720482194,nan,nan,nan,2.6141583812872673,nan,nan,nan,2.9370074235902144,nan,nan,nan
0.25,0.75,0.5,0.48,trot,0.025,8,0,0.0,1.0,1.0,1.0,0.0,0.0,1.0,0.0,2.0683900871151897,nan,nan,nan,1.7482086805452872,nan,nan,nan,1.7195656291921213,nan,nan,nan,2.0457854245987486,nan,nan,nan
0.25,0.75,0.5,0.48,trot,0.05,8,0,0.0,1.0,1.0,0.0,0.0,0.0,1.0,0.0,1.6964962499461755,nan,nan,nan,1.4775567377521863,nan,nan,nan,1.4539205570977902,nan,nan,nan,1.6762261211569383,nan,nan,nan
0.25,0.75,0.5,0.48,trot,0.1,8,0,0.0,1.0,1.0,0.0,0.0,0.0,1.0,0.0,1.5393607965819465,nan,nan,nan,1.4138704269715894,nan,nan,nan,1.406454365214302,nan,nan,nan,1.5253430649357216,nan,nan,nan
0.3,0.5,0.1,0.48,trot,0.025,8,0,0.0,0.75,1.0,0.0,0.0,0.0,1.0,0.0,39.731180827430535,nan,nan,nan,36.71817726879815,nan,nan,nan,36.54500391988101,nan,nan,nan,39.567016973691736,nan,nan,nan
0.3,0.5,0.1,0.48,trot,0.05,8,0,0.0,0.75,1.0,0.0,0.0,0.0,1.0,0.0,28.376247039610465,nan,nan,nan,24.415720918795888,nan,nan,nan,24.19407518981634,nan,nan,nan,28.063987164774723,nan,nan,nan
0.3,0.5,0.1,0.48,trot,0.1,8,0,0.0,0.75,1.0,0.0,0.0,0.0,1.0,0.0,19.897447777678885,nan,nan,nan,16.51466336971391,nan,nan,nan,16.24105290689902,nan,nan,nan,19.666135793151152,nan,nan,nan
0.3,0.625,0.1,0.48,trot,0.025,8,0,0.0,1.0,1.0,0.0,0.0,0.0,1.0,0.0,17.479574881366563,nan,nan,nan,17.03432824045668,nan,nan,nan,16.998190269820608,nan,nan,nan,17.443571971267584,nan,nan,nan
0.3,0.625,0.1,0.48,trot,0.05,8,0,0.0,1.0,1.0,0.0,0.0,0.0,1.0,0.0,18.229235317906312,nan,nan,nan,17.360326446014867,nan,nan,nan,17.310938150782107,nan,nan,nan,18.181387886268524,nan,nan,nan
0.3,0.625,0.1,0.48,trot,0.1,8,0,0.0,1.0,1.0,0.0,0.0,0.0,1.0,0.0,13.383829307051368,nan,nan,nan,12.038377076735081,nan,nan,nan,11.966265173107782,nan,nan,nan,13.317392916749135,nan,nan,nan
0.3,0.75,0.1,0.48,trot,0.025,8,0,0.0,1.0,1.0,1.0,0.0,0.0,1.0,0.0,4.2894649016222655,nan,nan,nan,3.633476025711916,nan,nan,nan,3.6044146056660766,nan,nan,nan,4.2607915836281105,nan,nan,nan
0.3,0.75,0.1,0.48,trot,0.05,8,0,0.0,1.0,1.0,1.0,0.0,0.0,1.0,0.0,4.438282008588901,nan,nan,nan,3.791874684232271,nan,nan,nan,3.7645069401958002,nan,nan,nan,4.414225571080493,nan,nan,nan
0.3,0.75,0.1,0.48,trot,0.1,8,0,0.0,1.0,1.0,0.0,0.0,0.0,1.0,0.0,4.491479148158913,nan,nan,nan,3.8717515710238333,nan,nan,nan,3.8419635596866675,nan,nan,nan,4.46590756837506,nan,nan,nan
0.3,0.5,0.2,0.48,trot,0.025,8,0,0.0,0.5,1.0,1.0,0.0,0.0,1.0,0.0,21.392655602402908,nan,nan,nan,14.616090957075318,nan,nan,nan,14.341821305364318,nan,nan,nan,20.957133135774995,nan,nan,nan
0.3,0.5,0.2,0.48,trot,0.05,8,0,0.0,0.5,1.0,0.0,0.0,0.0,1.0,0.0,16.28309897933561,nan,nan,nan,15.056487117110168,nan,nan,nan,14.8779112400425,nan,nan,nan,16.118457932495215,nan,nan,nan
0.3,0.5,0.2,0.48,trot,0.1,8,0,0.0,0.5,1.0,0.0,0.0,0.0,1.0,0.0,11.348846902463055,nan,nan,nan,10.160200320932585,nan,nan,nan,9.932668687644771,nan,nan,nan,11.13872231177659,nan,nan,nan
0.3,0.625,0.2,0.48,trot,0.025,8,0,0.0,1.0,1.0,1.0,0.0,0.0,1.0,0.0,2.298272047302958,nan,nan,nan,1.9504806864127524,nan,nan,nan,1.9158958801223327,nan,nan,nan,2.2551746374066184,nan,nan,nan
0.3,0.625,0.2,0.48,trot,0.05,8,0,0.0,1.0,1.0,1.0,0.0,0.0,1.0,0.0,3.532386417980158,nan,nan,nan,3.0321999698540707,nan,nan,nan,3.016409858988694,nan,nan,nan,3.5193351419267627,nan,nan,nan
0.3,0.625,0.2,0.48,trot,0.1,8,0,0.0,1.0,1.0,0.0,0.0,0.0,1.0,0.0,3.0488654286681225,nan,nan,nan,2.6712819273801887,nan,nan,nan,2.639079663805664,nan,nan,nan,3.022310325157303,nan,nan,nan
0.3,0.75,0.2,0.48,trot,0.025,8,0,0.0,1.0,1.0,1.0,0.0,0.0,1.0,0.0,2.005698221205928,nan,nan,nan,1.8514330123813136,nan,nan,nan,1.8344225245941597,nan,nan,nan,1.988412806032529,nan,nan,nan
0.3,0.75,0.2,0.48,trot,0.05,8,0,0.0,1.0,1.0,1.0,0.0,0.0,1.0,0.0,1.8716728658490458,nan,nan,nan,1.7656174409660794,nan,nan,nan,1.7542434484281637,nan,nan,nan,1.8607704706842745,nan,nan,nan
0.3,0.75,0.2,0.48,trot,0.1,8,0,0.0,1.0,1.0,0.0,0.0,0.0,1.0,0.0,1.6853651448643587,nan,nan,nan,1.598306155911276,nan,nan,nan,1.5804676861265485,nan,nan,nan,1.6696856256688273,nan,nan,nan
0.3,0.5,0.3,0.48,trot,0.025,8,0,0.0,1.0,1.0,1.0,0.0,0.0,1.0,0.0,16.987072323102367,nan,nan,nan,8.650518609803603,nan,nan,nan,8.397639224711725,nan,nan,nan,16.59759563524388,nan,nan,nan
0.3,0.5,0.3,0.48,trot,0.05,8,0,0.0,1.0,1.0,1.0,0.0,0.0,1.0,0.0,6.465262214685686,nan,nan,nan,4.747442384675082,nan,nan,nan,4.582013504637795,nan,nan,nan,6.303737211813239,nan,nan,nan
0.3,0.5,0.3,0.48,trot,0.1,8,0,0.0,1.0,1.0,0.0,0.0,0.0,1.0,0.0,6.09187019037952,nan,nan,nan,5.1437682135658545,nan,nan,nan,4.90846246167502,nan,nan,nan,5.876451969682629,nan,nan,nan
0.3,0.625,0.3,0.48,trot,0.025,8,0,0.0,1.0,1.0,1.0,0.0,0.0,1.0,0.0,2.420832901541686,nan,nan,nan,2.214956902467046,nan,nan,nan,2.178350737065779,nan,nan,nan,2.399102946867445,nan,nan,nan
0.3,0.625,0.3,0.48,trot,0.05,8,0,0.0,1.0,1.0,1.0,0.0,0.0,1.0,0.0,2.4174953988403765,nan,nan,nan,2.188715985092583,nan,nan,nan,2.1691042020797964,nan,nan,nan,2.402439157645647,nan,nan,nan
0.3,0.625,0.3,0.48,trot,0.1,8,0,0.0,1.0,1.0,0.0,0.0,0.0,1.0,0.0,1.975014014616339,nan,nan,nan,1.8278715583868417,nan,nan,nan,1.790664434955876,nan,nan,nan,1.9437481817586326,nan,nan,nan
0.3,0.75,0.3,0.48,trot,0.025,8,0,0.0,1.0,1.0,1.0,0.0,0.0,1.0,0.0,1.8551889052339003,nan,nan,nan,1.6168111059514745,nan,nan,nan,1.5918715805704853,nan,nan,nan,1.8113718354187265,nan,nan,nan
0.3,0.75,0.3,0.48,trot,0.05,8,0,0.0,1.0,1.0,1.0,0.0,0.0,1.0,0.0,1.5102884263039782,nan,nan,nan,1.3704402253850905,nan,nan,nan,1.3206644418360747,nan,nan,nan,1.4704726374301007,nan,nan,nan
0.3,0.75,0.3,0.48,trot,0.1,8,0,0.0,1.0,1.0,0.0,0.0,0.0,1.0,0.0,1.2568406987332055,nan,nan,nan,1.1859081812510968,nan,nan,nan,1.0984909058709518,nan,nan,nan,1.2089289551821305,nan,nan,nan
0.3,0.5,0.4,0.48,trot,0.025,8,0,0.0,0.75,1.0,1.0,0.0,0.0,1.0,0.0,42.84340872774261,nan,nan,nan,13.1879694782083,nan,nan,nan,12.7553194934025,nan,nan,nan,41.40404508411555,nan,nan,nan
0.3,0.5,0.4,0.48,trot,0.05,8,0,0.0,0.75,1.0,1.0,0.0,0.0,1.0,0.0,7.208542751548782,nan,nan,nan,4.986133866565308,nan,nan,nan,4.850293665171066,nan,nan,nan,7.022647287773083,nan,nan,nan
0.3,0.5,0.4,0.48,trot,0.1,8,0,0.0,0.75,1.0,0.125,0.0,0.0,1.0,0.0,7.693151043603539,nan,nan,nan,6.111852701315986,nan,nan,nan,5.948921757240779,nan,nan,nan,7.53765737000689,nan,nan,nan
0.3,0.625,0.4,0.48,trot,0.025,8,0,0.0,1.0,1.0,1.0,0.0,0.0,1.0,0.0,3.8928951265742127,nan,nan,nan,3.352666712774143,nan,nan,nan,3.3298633229943224,nan,nan,nan,3.8681736654899628,nan,nan,nan
0.3,0.625,0.4,0.48,trot,0.05,8,0,0.0,1.0,1.0,0.0,0.0,0.0,1.0,0.0,2.796557829284163,nan,nan,nan,2.265126394470885,nan,nan,nan,2.2328154269948177,nan,nan,nan,2.7612315900062474,nan,nan,nan
0.3,0.625,0.4,0.48,trot,0.1,8,0,0.0,1.0,1.0,0.0,0.0,0.0,1.0,0.0,2.2751109043712914,nan,nan,nan,2.0577446097261296,nan,nan,nan,2.009453937204743,nan,nan,nan,2.240045285746027,nan,nan,nan
0.3,0.75,0.4,0.48,trot,0.025,8,0,0.0,1.0,1.0,1.0,0.0,0.0,1.0,0.0,1.9632653534762552,nan,nan,nan,1.700244476877924,nan,nan,nan,1.6812222694815238,nan,nan,nan,1.952998290130967,nan,nan,nan
0.3,0.75,0.4,0.48,trot,0.05,8,0,0.0,1.0,1.0,0.0,0.0,0.0,1.0,0.0,1.4634015285817297,nan,nan,nan,1.3105647602786896,nan,nan,nan,1.2867338104007748,nan,nan,nan,1.4488480787714404,nan,nan,nan
0.3,0.75,0.4,0.48,trot,0.1,8,0,0.0,1.0,1.0,0.0,0.0,0.0,1.0,0.0,1.4152168729031191,nan,nan,nan,1.258917206150989,nan,nan,nan,1.1982430994503561,nan,nan,nan,1.3512224077627213,nan,nan,nan
0.3,0.5,0.5,0.48,trot,0.025,8,0,0.0,1.0,1.0,1.0,0.0,0.0,1.0,0.0,18.076964163668997,nan,nan,nan,13.68467520235298,nan,nan,nan,13.437431343042437,nan,nan,nan,17.690495324444328,nan,nan,nan
0.3,0.5,0.5,0.48,trot,0.05,8,0,0.0,1.0,1.0,1.0,0.0,0.0,1.0,0.0,7.655696255775979,nan,nan,nan,4.907637570875263,nan,nan,nan,4.792503053204591,nan,nan,nan,7.54107263469145,nan,nan,nan
0.3,0.5,0.5,0.48,trot,0.1,8,0,0.0,1.0,1.0,0.5,0.0,0.0,1.0,0.0,6.951488496547155,nan,nan,nan,5.273767967733951,nan,nan,nan,5.0709694230401565,nan,nan,nan,6.809017865544587,nan,nan,nan
0.3,0.625,0.5,0.48,trot,0.025,8,0,0.0,1.0,1.0,1.0,0.0,0.0,1.0,0.0,4.015907760941592,nan,nan,nan,3.343919790105855,nan,nan,nan,3.2809905487239357,nan,nan,nan,3.959849368142975,nan,nan,nan
0.3,0.625,0.5,0.48,trot,0.05,8,0,0.0,1.0,1.0,0.0,0.0,0.0,1.0,0.0,4.6160991893812975,nan,nan,nan,3.9579012660903814,nan,nan,nan,3.948500014518708,nan,nan,nan,4.592573748542415,nan,nan,nan
0.3,0.625,0.5,0.48,trot,0.1,8,0,0.0,1.0,1.0,0.0,0.0,0.0,1.0,0.0,3.658965493484203,nan,nan,nan,3.270817350391896,nan,nan,nan,3.238566872280037,nan,nan,nan,3.6322584475071835,nan,nan,nan
0.3,0.75,0.5,0.48,trot,0.025,8,0,0.0,1.0,1.0,1.0,0.0,0.0,1.0,0.0,3.2522546363156573,nan,nan,nan,2.8447107687995294,nan,nan,nan,2.7408725378343144,nan,nan,nan,3.1442174592969723,nan,nan,nan
0.3,0.75,0.5,0.48,trot,0.05,8,0,0.0,1.0,1.0,0.0,0.0,0.0,1.0,0.0,1.8408067627219449,nan,nan,nan,1.642008293766983,nan,nan,nan,1.5663619307492285,nan,nan,nan,1.792703446765259,nan,nan,nan
0.3,0.75,0.5,0.48,trot,0.1,8,0,0.0,1.0,1.0,0.0,0.0,0.0,1.0,0.0,1.6292233026863634,nan,nan,nan,1.4302355968724172,nan,nan,nan,1.3600079486016479,nan,nan,nan,1.5418190306014248,nan,nan,nan
0.35,0.5,0.1,0.48,trot,0.025,8,0,0.0,0.5,1.0,0.0,0.0,0.0,1.0,0.0,36.26436698023947,nan,nan,nan,42.882575175725805,nan,nan,nan,42.12526848924635,nan,nan,nan,36.07512670754856,nan,nan,nan
0.35,0.5,0.1,0.48,trot,0.05,8,0,0.0,0.5,1.0,0.0,0.0,0.0,1.0,0.0,26.66865277186912,nan,nan,nan,22.464457936603043,nan,nan,nan,22.192656234976187,nan,nan,nan,26.42269631062927,nan,nan,nan
0.35,0.5,0.1,0.48,trot,0.1,8,0,0.0,0.5,1.0,0.0,0.0,0.0,1.0,0.0,20.098317683165284,nan,nan,nan,16.481321450779554,nan,nan,nan,16.213729166261444,nan,nan,nan,19.86580766808171,nan,nan,nan
0.35,0.625,0.1,0.48,trot,0.025,8,0,0.0,1.0,1.0,1.0,0.0,0.0,1.0,0.0,7.846504143246245,nan,nan,nan,6.213223950384989,nan,nan,nan,6.120954833980858,nan,nan,nan,7.77455485723244,nan,nan,nan
0.35,0.625,0.1,0.48,trot,0.05,8,0,0.0,1.0,1.0,0.0,0.0,0.0,1.0,0.0,16.444558685976478,nan,nan,nan,15.471264979413949,nan,nan,nan,15.43498779998006,nan,nan,nan,16.408260529113413,nan,nan,nan
0.35,0.625,0.1,0.48,trot,0.1,8,0,0.0,1.0,1.0,0.0,0.0,0.0,1.0,0.0,13.0468638286435,nan,nan,nan,11.71842721605439,nan,nan,nan,11.647123121184482,nan,nan,nan,12.982521389554254,nan,nan,nan
0.35,0.75,0.1,0.48,trot,0.025,8,0,0.0,1.0,1.0,1.0,0.0,0.0,1.0,0.0,4.979893823718547,nan,nan,nan,4.307702733933201,nan,nan,nan,4.277411726737295,nan,nan,nan,4.9520259715070924,nan,nan,nan
0.35,0.75,0.1,0.48,trot,0.05,8,0,0.0,1.0,1.0,1.0,0.0,0.0,1.0,0.0,4.5422962848070085,nan,nan,nan,3.905306805892694,nan,nan,nan,3.880055356404248,nan,nan,nan,4.519058077868059,nan,nan,nan
0.35,0.75,0.1,0.48,trot,0.1,8,0,0.0,1.0,1.0,0.0,0.0,0.0,1.0,0.0,4.434149261939016,nan,nan,nan,3.8291598980718766,nan,nan,nan,3.803854141515939,nan,nan,nan,4.412656167011836,nan,nan,nan
0.35,0.5,0.2,0.48,trot,0.025,8,0,0.0,0.375,1.0,1.0,0.0,0.0,1.0,0.0,20.48956485839053,nan,nan,nan,14.495872642699636,nan,nan,nan,14.146819106734782,nan,nan,nan,20.07941683311837,nan,nan,nan
0.35,0.5,0.2,0.48,trot,0.05,8,0,0.0,0.375,1.0,0.0,0.0,0.0,1.0,0.0,15.459780451116771,nan,nan,nan,13.910256710507198,nan,nan,nan,13.742547960871631,nan,nan,nan,15.30005190302946,nan,nan,nan
0.35,0.5,0.2,0.48,trot,0.1,8,0,0.0,0.375,1.0,0.0,0.0,0.0,1.0,0.0,11.798390801885212,nan,nan,nan,10.551519264856546,nan,nan,nan,10.364060373146224,nan,nan,nan,11.626206709975925,nan,nan,nan
0.35,0.625,0.2,0.48,trot,0.025,8,0,0.0,1.0,1.0,1.0,0.0,0.0,1.0,0.0,2.213451212698846,nan,nan,nan,1.873643753329402,nan,nan,nan,1.841228635544975,nan,nan,nan,2.192198891569263,nan,nan,nan
0.35,0.625,0.2,0.48,trot,0.05,8,0,0.0,1.0,1.0,1.0,0.0,0.0,1.0,0.0,3.6491532368480106,nan,nan,nan,3.114359220370416,nan,nan,nan,3.106031947969475,nan,nan,nan,3.6423549242630733,nan,nan,nan
0.35,0.625,0.2,0.48,trot,0.1,8,0,0.0,1.0,1.0,0.0,0.0,0.0,1.0,0.0,3.2840813640989603,nan,nan,nan,2.8566941878237078,nan,nan,nan,2.84235564894846,nan,nan,nan,3.2729152505575234,nan,nan,nan
0.35,0.75,0.2,0.48,trot,0.025,8,0,0.0,1.0,1.0,1.0,0.0,0.0,1.0,0.0,2.5638600163350618,nan,nan,nan,2.3499006644875804,nan,nan,nan,2.3436028689789925,nan,nan,nan,2.5579794952697754,nan,nan,nan
0.35,0.75,0.2,0.48,trot,0.05,8,0,0.0,1.0,1.0,1.0,0.0,0.0,1.0,0.0,1.861794100531987,nan,nan,nan,1.714405629910333,nan,nan,nan,1.7069759589638653,nan,nan,nan,1.857211695129835,nan,nan,nan
0.35,0.75,0.2,0.48,trot,0.1,8,0,0.0,1.0,1.0,0.0,0.0,0.0,1.0,0.0,1.591532617516859,nan,nan,nan,1.513609023901442,nan,nan,nan,1.4997376562705433,nan,nan,nan,1.5794288955023257,nan,nan,nan
0.35,0.5,0.3,0.48,trot,0.025,8,0,0.0,0.875,1.0,1.0,0.0,0.0,1.0,0.0,24.41201090715117,nan,nan,nan,10.591130017451807,nan,nan,nan,10.340404981708634,nan,nan,nan,23.735714613229707,nan,nan,nan
0.35,0.5,0.3,0.48,trot,0.05,8,0,0.0,0.875,1.0,1.0,0.0,0.0,1.0,0.0,6.597824508053772,nan,nan,nan,6.551509872283351,nan,nan,nan,6.411397158431942,nan,nan,nan,6.45142327534377,nan,nan,nan
0.35,0.5,0.3,0.48,trot,0.1,8,0,0.0,0.875,1.0,0.0,0.0,0.0,1.0,0.0,5.942399389905967,nan,nan,nan,5.289216222188313,nan,nan,nan,5.098568511484476,nan,nan,nan,5.769502513853198,nan,nan,nan
0.35,0.625,0.3,0.48,trot,0.025,8,0,0.0,1.0,1.0,1.0,0.0,0.0,1.0,0.0,3.68859715021205,nan,nan,nan,3.007609562255456,nan,nan,nan,2.978316076548106,nan,nan,nan,3.6582731568142988,nan,nan,nan
0.35,0.625,0.3,0.48,trot,0.05,8,0,0.0,1.0,1.0,1.0,0.0,0.0,1.0,0.0,2.5408770710143127,nan,nan,nan,2.2171852542438937,nan,nan,nan,2.208607400233002,nan,nan,nan,2.5325695638252403,nan,nan,nan
0.35,0.625,0.3,0.48,trot,0.1,8,0,0.0,1.0,1.0,0.0,0.125,0.0,1.0,0.0,2.1081308504651783,nan,nan,nan,1.9086027516332644,nan,nan,nan,1.8887405099403938,nan,nan,nan,2.094159555187161,nan,nan,nan
0.35,0.75,0.3,0.48,trot,0.025,8,0,0.0,1.0,1.0,1.0,0.0,0.0,1.0,0.0,1.5623696121944826,nan,nan,nan,1.411562522092813,nan,nan,nan,1.4015508993860415,nan,nan,nan,1.5365997388282193,nan,nan,nan
0.35,0.75,0.3,0.48,trot,0.05,8,0,0.0,1.0,1.0,1.0,0.0,0.0,1.0,0.0,1.2646546157838374,nan,nan,nan,1.1845618483849716,nan,nan,nan,1.139518285820298,nan,nan,nan,1.2467922312428552,nan,nan,nan
0.35,0.75,0.3,0.48,trot,0.1,8,0,0.0,1.0,1.0,0.0,0.0,0.0,1.0,0.0,1.238554072178286,nan,nan,nan,1.1773676840570673,nan,nan,nan,1.0889711947494236,nan,nan,nan,1.1744917593652855,nan,nan,nan
0.35,0.5,0.4,0.48,trot,0.025,8,0,0.0,0.625,1.0,1.0,0.0,0.0,1.0,0.0,66.60224333163808,nan,nan,nan,25.892800491557594,nan,nan,nan,25.119912189889927,nan,nan,nan,64.50428431115668,nan,nan,nan
0.35,0.5,0.4,0.48,trot,0.05,8,0,0.0,0.625,1.0,1.0,0.0,0.0,1.0,0.0,11.175009251302491,nan,nan,nan,5.494374537979395,nan,nan,nan,5.310217285399003,nan,nan,nan,11.025111928650354,nan,nan,nan
0.35,0.5,0.4,0.48,trot,0.1,8,0,0.0,0.625,1.0,0.0,0.0,0.0,1.0,0.0,7.6107662924109105,nan,nan,nan,6.496561707872935,nan,nan,nan,6.368554658860159,nan,nan,nan,7.467364513757595,nan,nan,nan
0.35,0.625,0.4,0.48,trot,0.025,8,0,0.0,1.0,1.0,1.0,0.0,0.0,1.0,0.0,7.162667204525244,nan,nan,nan,6.468166994575586,nan,nan,nan,6.4182339819730565,nan,nan,nan,7.109587162138574,nan,nan,nan
0.35,0.625,0.4,0.48,trot,0.05,8,0,0.0,1.0,1.0,0.0,0.0,0.0,1.0,0.0,3.3991894981447808,nan,nan,nan,2.8458187775564703,nan,nan,nan,2.773384703232451,nan,nan,nan,3.3249004961812707,nan,nan,nan
0.35,0.625,0.4,0.48,trot,0.1,8,0,0.0,1.0,1.0,0.0,0.0,0.0,1.0,0.0,2.840277092897405,nan,nan,nan,2.538726912733795,nan,nan,nan,2.509372787430798,nan,nan,nan,2.801261229672855,nan,nan,nan
0.35,0.75,0.4,0.48,trot,0.025,8,0,0.0,1.0,1.0,1.0,0.0,0.0,1.0,0.0,2.0752109318091976,nan,nan,nan,1.7992655038030991,nan,nan,nan,1.7551395938206182,nan,nan,nan,2.032395526856929,nan,nan,nan
0.35,0.75,0.4,0.48,trot,0.05,8,0,0.0,1.0,1.0,0.0,0.0,0.0,1.0,0.0,1.6464715653635105,nan,nan,nan,1.4372522764783846,nan,nan,nan,1.321529831416157,nan,nan,nan,1.5838030501499218,nan,nan,nan
0.35,0.75,0.4,0.48,trot,0.1,8,0,0.0,1.0,1.0,0.0,0.125,0.0,1.0,0.0,1.6065503960647605,nan,nan,nan,1.3495863767895493,nan,nan,nan,1.2209933045023158,nan,nan,nan,1.5244600648977247,nan,nan,nan
0.35,0.5,0.5,0.48,trot,0.025,8,0,0.0,0.375,1.0,1.0,0.0,0.0,1.0,0.0,50.99075529156753,nan,nan,nan,26.539244377818612,nan,nan,nan,25.11295041942877,nan,nan,nan,49.94299118909869,nan,nan,nan
0.35,0.5,0.5,0.48,trot,0.05,8,0,0.0,0.375,1.0,1.0,0.0,0.0,1.0,0.0,33.24802575094783,nan,nan,nan,13.860614183551277,nan,nan,nan,13.456453221254833,nan,nan,nan,32.0386274295952,nan,nan,nan
0.35,0.5,0.5,0.48,trot,0.1,8,0,0.0,0.375,1.0,0.0,0.0,0.0,1.0,0.0,8.899409278751627,nan,nan,nan,7.478806375516413,nan,nan,nan,7.311517156975993,nan,nan,nan,8.746097298634478,nan,nan,nan
0.35,0.625,0.5,0.48,trot,0.025,8,0,0.0,1.0,1.0,1.0,0.0,0.0,1.0,0.0,5.262442016616072,nan,nan,nan,4.176590641659379,nan,nan,nan,4.149842735151854,nan,nan,nan,5.223989947704986,nan,nan,nan
0.35,0.625,0.5,0.48,trot,0.05,8,0,0.0,1.0,1.0,0.0,0.0,0.0,1.0,0.0,4.786126607995945,nan,nan,nan,4.063465522438909,nan,nan,nan,4.052639595453289,nan,nan,nan,4.775101139567082,nan,nan,nan
0.35,0.625,0.5,0.48,trot,0.1,8,0,0.0,1.0,1.0,0.0,0.0,0.0,1.0,0.0,4.0008712267626345,nan,nan,nan,3.59540809656315,nan,nan,nan,3.5660082692325186,nan,nan,nan,3.9786433466935556,nan,nan,nan
0.35,0.75,0.5,0.48,trot,0.025,8,0,0.0,1.0,1.0,1.0,0.0,0.0,1.0,0.0,2.891209808233498,nan,nan,nan,2.5191109627529236,nan,nan,nan,2.484090317592031,nan,nan,nan,2.8624468847512716,nan,nan,nan
0.35,0.75,0.5,0.48,trot,0.05,8,0,0.0,1.0,1.0,0.0,0.0,0.0,1.0,0.0,2.0254390593739124,nan,nan,nan,1.768790191191564,nan,nan,nan,1.736778574662083,nan,nan,nan,1.975555827797468,nan,nan,nan
0.35,0.75,0.5,0.48,trot,0.1,8,0,0.0,1.0,1.0,0.0,0.0,0.0,1.0,0.0,1.7830954349913224,nan,nan,nan,1.5316456344607488,nan,nan,nan,1.4885603705024963,nan,nan,nan,1.6932571462008519,nan,nan,nan
0.4,0.5,0.1,0.48,trot,0.025,8,0,0.0,0.375,1.0,0.0,0.0,0.0,1.0,0.0,36.741653677086305,nan,nan,nan,52.22389020545357,nan,nan,nan,50.60981186148318,nan,nan,nan,36.43827017513506,nan,nan,nan
0.4,0.5,0.1,0.48,trot,0.05,8,0,0.0,0.375,1.0,0.0,0.0,0.0,1.0,0.0,25.85522722057528,nan,nan,nan,22.31157599917212,nan,nan,nan,22.072514495041155,nan,nan,nan,25.662374229649537,nan,nan,nan
0.4,0.5,0.1,0.48,trot,0.1,8,0,0.0,0.375,1.0,0.0,0.0,0.0,1.0,0.0,20.311179142599762,nan,nan,nan,16.444416214838775,nan,nan,nan,16.186788427353264,nan,nan,nan,20.094813562490742,nan,nan,nan
0.4,0.625,0.1,0.48,trot,0.025,8,0,0.0,1.0,1.0,1.0,0.0,0.0,1.0,0.0,7.905440246914622,nan,nan,nan,6.262961361092824,nan,nan,nan,6.177236830924027,nan,nan,nan,7.838465987524606,nan,nan,nan
0.4,0.625,0.1,0.48,trot,0.05,8,0,0.0,1.0,1.0,0.0,0.0,0.0,1.0,0.0,14.226489239839673,nan,nan,nan,13.028375683991229,nan,nan,nan,12.983883653328832,nan,nan,nan,14.182804738724418,nan,nan,nan
0.4,0.625,0.1,0.48,trot,0.1,8,0,0.0,1.0,1.0,0.0,0.0,0.0,1.0,0.0,12.03419258451193,nan,nan,nan,10.66665927185909,nan,nan,nan,10.594521196577098,nan,nan,nan,11.970990462850388,nan,nan,nan
0.4,0.75,0.1,0.48,trot,0.025,8,0,0.0,1.0,1.0,1.0,0.0,0.0,1.0,0.0,3.8375897446805904,nan,nan,nan,3.3341624925349262,nan,nan,nan,3.295098728554956,nan,nan,nan,3.8148060769844854,nan,nan,nan
0.4,0.75,0.1,0.48,trot,0.05,8,0,0.0,1.0,1.0,1.0,0.0,0.0,1.0,0.0,3.8230362089364958,nan,nan,nan,3.3389199240921394,nan,nan,nan,3.316837222544608,nan,nan,nan,3.803803284966509,nan,nan,nan
0.4,0.75,0.1,0.48,trot,0.1,8,0,0.0,1.0,1.0,0.0,0.125,0.0,1.0,0.0,4.14914588168548,nan,nan,nan,3.6008928710110872,nan,nan,nan,3.576692924436894,nan,nan,nan,4.128475952643424,nan,nan,nan
0.4,0.5,0.2,0.48,trot,0.025,8,0,0.0,0.25,1.0,1.0,0.0,0.0,1.0,0.0,18.644132880152945,nan,nan,nan,14.921963618000175,nan,nan,nan,14.517032256804587,nan,nan,nan,18.212085247895253,nan,nan,nan
0.4,0.5,0.2,0.48,trot,0.05,8,0,0.0,0.25,1.0,0.0,0.0,0.0,1.0,0.0,17.14282800093706,nan,nan,nan,14.532390581600286,nan,nan,nan,14.389771873781417,nan,nan,nan,16.962697383944917,nan,nan,nan
0.4,0.5,0.2,0.48,trot,0.1,8,0,0.0,0.25,1.0,0.0,0.0,0.0,1.0,0.0,12.575562123635418,nan,nan,nan,11.363185562119138,nan,nan,nan,11.172587871267805,nan,nan,nan,12.381947087593925,nan,nan,nan
0.4,0.625,0.2,0.48,trot,0.025,8,0,0.0,1.0,1.0,1.0,0.0,0.0,1.0,0.0,2.864276054478272,nan,nan,nan,2.47605098547217,nan,nan,nan,2.4578973327313465,nan,nan,nan,2.850831244218208,nan,nan,nan
0.4,0.625,0.2,0.48,trot,0.05,8,0,0.0,1.0,1.0,1.0,0.0,0.0,1.0,0.0,3.325161038738827,nan,nan,nan,2.8937242509824577,nan,nan,nan,2.885012569364968,nan,nan,nan,3.3182268335933744,nan,nan,nan
0.4,0.625,0.2,0.48,trot,0.1,8,0,0.0,1.0,1.0,0.0,0.125,0.0,1.0,0.0,3.129507661368924,nan,nan,nan,2.747185158995159,nan,nan,nan,2.7322996906310504,nan,nan,nan,3.1174983589092635,nan,nan,nan
0.4,0.75,0.2,0.48,trot,0.025,8,0,0.0,1.0,1.0,1.0,0.0,0.0,1.0,0.0,1.756078931707506,nan,nan,nan,1.6286518719283472,nan,nan,nan,1.5927915656388598,nan,nan,nan,1.7417712082674457,nan,nan,nan
0.4,0.75,0.2,0.48,trot,0.05,8,0,0.0,1.0,1.0,0.0,0.0,0.0,1.0,0.0,1.4873012180389695,nan,nan,nan,1.4110015360870887,nan,nan,nan,1.3868468581974485,nan,nan,nan,1.4658728775852987,nan,nan,nan
0.4,0.75,0.2,0.48,trot,0.1,8,0,0.0,1.0,1.0,0.0,0.0,0.0,1.0,0.0,1.5827644326102517,nan,nan,nan,1.5004002162897665,nan,nan,nan,1.4821869158174417,nan,nan,nan,1.5664879429768486,nan,nan,nan
0.4,0.5,0.3,0.48,trot,0.025,8,0,0.0,0.75,1.0,1.0,0.0,0.0,1.0,0.0,11.681617240822437,nan,nan,nan,8.389423970954086,nan,nan,nan,8.160678634096106,nan,nan,nan,11.46043999254805,nan,nan,nan
0.4,0.5,0.3,0.48,trot,0.05,8,0,0.0,0.75,1.0,1.0,0.0,0.0,1.0,0.0,7.10203245764164,nan,nan,nan,6.345489171820843,nan,nan,nan,6.186765585495529,nan,nan,nan,7.004298979330381,nan,nan,nan
0.4,0.5,0.3,0.48,trot,0.1,8,0,0.0,0.75,1.0,0.0,0.0,0.0,1.0,0.0,5.941985182027096,nan,nan,nan,5.511864998094777,nan,nan,nan,5.335173201355665,nan,nan,nan,5.77806959089413,nan,nan,nan
0.4,0.625,0.3,0.48,trot,0.025,8,0,0.0,1.0,1.0,1.0,0.0,0.0,1.0,0.0,6.149595268096442,nan,nan,nan,4.971850165376043,nan,nan,nan,4.946467679325375,nan,nan,nan,6.128094704628029,nan,nan,nan
0.4,0.625,0.3,0.48,trot,0.05,8,0,0.0,1.0,1.0,1.0,0.0,0.0,1.0,0.0,3.1386325203414933,nan,nan,nan,2.6142597152253537,nan,nan,nan,2.6122198417186517,nan,nan,nan,3.134933458059835,nan,nan,nan
0.4,0.625,0.3,0.48,trot,0.1,8,0,0.0,1.0,1.0,0.0,0.0,0.0,1.0,0.0,2.486315298450791,nan,nan,nan,2.1680308329969193,nan,nan,nan,2.1656465953180692,nan,nan,nan,2.4854792431510795,nan,nan,nan
0.4,0.75,0.3,0.48,trot,0.025,8,0,0.0,1.0,1.0,1.0,0.0,0.0,1.0,0.0,2.0569213199726324,nan,nan,nan,1.8226815549061222,nan,nan,nan,1.7642605651150207,nan,nan,nan,1.9891087780403784,nan,nan,nan
0.4,0.75,0.3,0.48,trot,0.05,8,0,0.0,1.0,1.0,0.0,0.0,0.0,1.0,0.0,1.3066737881797035,nan,nan,nan,1.2386912658808438,nan,nan,nan,1.1566685668930736,nan,nan,nan,1.2632700507079866,nan,nan,nan
0.4,0.75,0.3,0.48,trot,0.1,8,0,0.0,1.0,1.0,0.0,0.0,0.0,1.0,0.0,1.2615191312533862,nan,nan,nan,1.2057511374910637,nan,nan,nan,1.1106444811600165,nan,nan,nan,1.2061469158261022,nan,nan,nan
0.4,0.5,0.4,0.48,trot,0.025,8,0,0.0,0.75,1.0,1.0,0.0,0.0,1.0,0.0,19.6200730227459,nan,nan,nan,11.40873623250469,nan,nan,nan,11.202927061713822,nan,nan,nan,19.081016764513258,nan,nan,nan
0.4,0.5,0.4,0.48,trot,0.05,8,0,0.0,0.75,1.0,1.0,0.0,0.0,1.0,0.0,9.606102988523215,nan,nan,nan,6.74859752182471,nan,nan,nan,6.397880482777338,nan,nan,nan,9.410201653795088,nan,nan,nan
0.4,0.5,0.4,0.48,trot,0.1,8,0,0.0,0.75,1.0,0.0,0.0,0.0,1.0,0.0,6.182550861802337,nan,nan,nan,5.407605235951009,nan,nan,nan,5.284609736420618,nan,nan,nan,6.051354687380646,nan,nan,nan
0.4,0.625,0.4,0.48,trot,0.025,8,0,0.0,1.0,1.0,1.0,0.0,0.0,1.0,0.0,10.33181329810629,nan,nan,nan,8.805117508409989,nan,nan,nan,8.794106014114417,nan,nan,nan,10.305795157860487,nan,nan,nan
0.4,0.625,0.4,0.48,trot,0.05,8,0,0.0,1.0,1.0,0.0,0.0,0.0,1.0,0.0,5.338243875481305,nan,nan,nan,4.684380819901486,nan,nan,nan,4.673990969063919,nan,nan,nan,5.325343545521061,nan,nan,nan
0.4,0.625,0.4,0.48,trot,0.1,8,0,0.0,1.0,1.0,0.0,0.0,0.0,1.0,0.0,3.7124617986003967,nan,nan,nan,3.2360459163452777,nan,nan,nan,3.2253503606690987,nan,nan,nan,3.700052835641382,nan,nan,nan
0.4,0.75,0.4,0.48,trot,0.025,8,0,0.0,1.0,1.0,1.0,0.0,0.0,1.0,0.0,2.207265006199778,nan,nan,nan,2.0256272446437578,nan,nan,nan,2.0119355756470627,nan,nan,nan,2.1914126641730105,nan,nan,nan
0.4,0.75,0.4,0.48,trot,0.05,8,0,0.0,1.0,1.0,0.0,0.0,0.0,1.0,0.0,1.684012386074503,nan,nan,nan,1.4903280748716363,nan,nan,nan,1.4573793315243684,nan,nan,nan,1.636016435792587,nan,nan,nan
0.4,0.75,0.4,0.48,trot,0.1,8,0,0.0,1.0,1.0,0.0,0.0,0.0,1.0,0.0,1.5867281501515236,nan,nan,nan,1.3313890312203707,nan,nan,nan,1.2876657638914506,nan,nan,nan,1.5520510909430691,nan,nan,nan
0.4,0.5,0.5,0.48,trot,0.025,8,0,0.0,0.375,1.0,1.0,0.0,0.0,1.0,0.0,45.1072546910633,nan,nan,nan,36.33227411182426,nan,nan,nan,35.509948764612666,nan,nan,nan,44.48314445629954,nan,nan,nan
0.4,0.5,0.5,0.48,trot,0.05,8,0,0.0,0.375,1.0,1.0,0.0,0.0,1.0,0.0,16.820435025203633,nan,nan,nan,46.92842636260985,nan,nan,nan,45.25727127957589,nan,nan,nan,16.05160921772682,nan,nan,nan
0.4,0.5,0.5,0.48,trot,0.1,8,0,0.0,0.375,1.0,0.0,0.0,0.0,1.0,0.0,7.3330761913545865,nan,nan,nan,6.364357541171011,nan,nan,nan,6.127774157467641,nan,nan,nan,7.188306002674086,nan,nan,nan
0.4,0.625,0.5,0.48,trot,0.025,8,0,0.0,1.0,1.0,1.0,0.0,0.0,1.0,0.0,9.812677861597743,nan,nan,nan,8.062444388634745,nan,nan,nan,7.995437011969776,nan,nan,nan,9.753428182161525,nan,nan,nan
0.4,0.625,0.5,0.48,trot,0.05,8,0,0.0,1.0,1.0,0.0,0.0,0.0,1.0,0.0,5.287951974377842,nan,nan,nan,4.426861451040294,nan,nan,nan,4.4072073079633265,nan,nan,nan,5.267427740991792,nan,nan,nan
0.4,0.625,0.5,0.48,trot,0.1,8,0,0.0,1.0,1.0,0.0,0.25,0.0,1.0,0.0,3.9193323055350993,nan,nan,nan,3.5432457907314423,nan,nan,nan,3.528516577797392,nan,nan,nan,3.906636040827879,nan,nan,nan
0.4,0.75,0.5,0.48,trot,0.025,8,0,0.0,1.0,1.0,1.0,0.0,0.0,1.0,0.0,3.0794641973665824,nan,nan,nan,2.684679386324948,nan,nan,nan,2.657509565701042,nan,nan,nan,3.0605777812900143,nan,nan,nan
0.4,0.75,0.5,0.48,trot,0.05,8,0,0.0,1.0,1.0,0.0,0.0,0.0,1.0,0.0,2.251162558278006,nan,nan,nan,1.9985977714893657,nan,nan,nan,1.963250238549282,nan,nan,nan,2.2187919743328957,nan,nan,nan
0.4,0.75,0.5,0.48,trot,0.1,8,0,0.0,1.0,1.0,0.0,0.125,0.0,1.0,0.0,1.9115746945936496,nan,nan,nan,1.6773214160862424,nan,nan,nan,1.6484279126307166,nan,nan,nan,1.8720914249280742,nan,nan,nan
0.25,0.75,0.1,0.48,walk,0.025,8,0,0.0,1.0,1.0,1.0,0.0,0.0,1.0,0.0,5.763949681338124,nan,nan,nan,4.468139819005195,nan,nan,nan,4.373276825389681,nan,nan,nan,5.6877497120914855,nan,nan,nan
0.25,0.75,0.1,0.48,walk,0.05,8,0,0.0,1.0,1.0,0.0,0.0,0.0,1.0,0.0,5.3046397757821815,nan,nan,nan,4.0953250947556015,nan,nan,nan,3.963137252670417,nan,nan,nan,5.2137866054206246,nan,nan,nan
0.25,0.75,0.1,0.48,walk,0.1,8,0,0.0,1.0,1.0,0.0,0.0,0.0,1.0,0.0,5.536193947300181,nan,nan,nan,4.2571333142295344,nan,nan,nan,4.155810908964616,nan,nan,nan,5.458625082003625,nan,nan,nan
0.25,0.75,0.2,0.48,walk,0.025,8,0,0.0,1.0,1.0,1.0,0.0,0.0,1.0,0.0,2.4432321037580866,nan,nan,nan,2.0303115390465036,nan,nan,nan,1.9477044888260764,nan,nan,nan,2.4011643547510584,nan,nan,nan
0.25,0.75,0.2,0.48,walk,0.05,8,0,0.0,1.0,1.0,0.0,0.0,0.0,1.0,0.0,1.7667817831399588,nan,nan,nan,1.5763383774526456,nan,nan,nan,1.522377198831098,nan,nan,nan,1.7318599444569176,nan,nan,nan
0.25,0.75,0.2,0.48,walk,0.1,8,0,0.0,1.0,1.0,0.0,0.0,0.0,1.0,0.0,1.6354793155663654,nan,nan,nan,1.4641058372293179,nan,nan,nan,1.418856880994372,nan,nan,nan,1.6021086134715041,nan,nan,nan
0.25,0.75,0.3,0.48,walk,0.025,8,0,0.0,1.0,1.0,1.0,0.0,0.0,1.0,0.0,2.8833461731603984,nan,nan,nan,2.5212097764880546,nan,nan,nan,2.4072814541653065,nan,nan,nan,2.7583908326978612,nan,nan,nan
0.25,0.75,0.3,0.48,walk,0.05,8,0,0.0,1.0,1.0,0.0,0.0,0.0,1.0,0.0,1.7361637047904175,nan,nan,nan,1.4765738408104427,nan,nan,nan,1.4491141994207266,nan,nan,nan,1.7184006471311317,nan,nan,nan
0.25,0.75,0.3,0.48,walk,0.1,8,0,0.0,1.0,1.0,0.0,0.125,0.0,1.0,0.0,1.485054608706461,nan,nan,nan,1.3400518359471236,nan,nan,nan,1.313864018691069,nan,nan,nan,1.4813743752515873,nan,nan,nan
0.25,0.75,0.4,0.48,walk,0.025,8,0,0.0,1.0,1.0,1.0,0.0,0.0,1.0,0.0,3.978440276851324,nan,nan,nan,2.9137639042486088,nan,nan,nan,2.8991179910556024,nan,nan,nan,3.9024407211515575,nan,nan,nan
0.25,0.75,0.4,0.48,walk,0.05,8,0,0.0,1.0,1.0,0.0,0.0,0.0,1.0,0.0,2.04593643101935,nan,nan,nan,1.767530057471085,nan,nan,nan,1.7098335836386127,nan,nan,nan,1.9784977495587797,nan,nan,nan
0.25,0.75,0.4,0.48,walk,0.1,8,0,0.0,1.0,1.0,0.0,0.0,0.0,1.0,0.0,1.569022176532787,nan,nan,nan,1.447300647788616,nan,nan,nan,1.4041211771715392,nan,nan,nan,1.5533383949643351,nan,nan,nan
0.25,0.75,0.5,0.48,walk,0.025,8,0,0.0,1.0,1.0,1.0,0.0,0.0,1.0,0.0,4.585455666341813,nan,nan,nan,4.335997552781375,nan,nan,nan,4.082692914843319,nan,nan,nan,4.386940948576165,nan,nan,nan
0.25,0.75,0.5,0.48,walk,0.05,8,0,0.0,1.0,1.0,0.0,0.0,0.0,1.0,0.0,2.9677743408752453,nan,nan,nan,2.6128826475321483,nan,nan,nan,2.6022985168923696,nan,nan,nan,2.960673177132275,nan,nan,nan
0.25,0.75,0.5,0.48,walk,0.1,8,0,0.0,1.0,1.0,0.0,0.0,0.0,1.0,0.0,2.598178780358751,nan,nan,nan,2.314730281263889,nan,nan,nan,2.3019983425183246,nan,nan,nan,2.587453256298934,nan,nan,nan
0.3,0.75,0.1,0.48,walk,0.025,8,0,0.0,1.0,1.0,1.0,0.0,0.0,1.0,0.0,6.0881732478979735,nan,nan,nan,4.650425461466346,nan,nan,nan,4.529683606746479,nan,nan,nan,5.997283569693282,nan,nan,nan
0.3,0.75,0.1,0.48,walk,0.05,8,0,0.0,1.0,1.0,0.0,0.0,0.0,1.0,0.0,5.4166269144403465,nan,nan,nan,4.1639699194609445,nan,nan,nan,4.070151811440178,nan,nan,nan,5.3434567518314875,nan,nan,nan
0.3,0.75,0.1,0.48,walk,0.1,8,0,0.0,1.0,1.0,0.0,0.0,0.0,1.0,0.0,5.25827849344763,nan,nan,nan,4.043094230720742,nan,nan,nan,3.9612516599740326,nan,nan,nan,5.194978898446632,nan,nan,nan
0.3,0.75,0.2,0.48,walk,0.025,8,0,0.0,1.0,1.0,1.0,0.0,0.0,1.0,0.0,1.9667876972204494,nan,nan,nan,1.804207263711528,nan,nan,nan,1.744116948703198,nan,nan,nan,1.9081983111966903,nan,nan,nan
0.3,0.75,0.2,0.48,walk,0.05,8,0,0.0,1.0,1.0,0.0,0.0,0.0,1.0,0.0,1.6844612067833316,nan,nan,nan,1.5355845574662093,nan,nan,nan,1.4904618816905746,nan,nan,nan,1.6487583106244565,nan,nan,nan
0.3,0.75,0.2,0.48,walk,0.1,8,0,0.0,1.0,1.0,0.0,0.0,0.0,1.0,0.0,1.499479196588657,nan,nan,nan,1.3920722972627262,nan,nan,nan,1.328584546329553,nan,nan,nan,1.4523019700863964,nan,nan,nan
0.3,0.75,0.3,0.48,walk,0.025,8,0,0.0,1.0,1.0,1.0,0.0,0.0,1.0,0.0,2.9510378348002577,nan,nan,nan,2.84226017192253,nan,nan,nan,2.8169893274924203,nan,nan,nan,2.927531999152434,nan,nan,nan
0.3,0.75,0.3,0.48,walk,0.05,8,0,0.0,1.0,1.0,0.0,0.0,0.0,1.0,0.0,2.019407589984805,nan,nan,nan,1.7978202980812044,nan,nan,nan,1.7758085256743454,nan,nan,nan,1.9902404306294077,nan,nan,nan
0.3,0.75,0.3,0.48,walk,0.1,8,0,0.0,1.0,1.0,0.0,0.0,0.0,1.0,0.0,1.4546246191813705,nan,nan,nan,1.2929943270590376,nan,nan,nan,1.2773848392676983,nan,nan,nan,1.4533505124443487,nan,nan,nan
0.3,0.75,0.4,0.48,walk,0.025,8,0,0.0,1.0,1.0,1.0,0.0,0.0,1.0,0.0,9.939646717117267,nan,nan,nan,7.940749509862341,nan,nan,nan,7.82202756459172,nan,nan,nan,9.813899079849726,nan,nan,nan
0.3,0.75,0.4,0.48,walk,0.05,8,0,0.0,1.0,1.0,0.0,0.0,0.0,1.0,0.0,2.665784579739275,nan,nan,nan,2.2894258045181113,nan,nan,nan,2.2599798416822563,nan,nan,nan,2.608443637153286,nan,nan,nan
0.3,0.75,0.4,0.48,walk,0.1,8,0,0.0,1.0,1.0,0.0,0.0,0.0,1.0,0.0,1.8676282172072933,nan,nan,nan,1.6843957569665182,nan,nan,nan,1.6769597294330216,nan,nan,nan,1.8588662122941004,nan,nan,nan
0.3,0.75,0.5,0.48,walk,0.025,8,0,0.0,1.0,1.0,1.0,0.0,0.0,1.0,0.0,6.24988011723252,nan,nan,nan,5.305074582983069,nan,nan,nan,5.216896706527378,nan,nan,nan,6.148812193576971,nan,nan,nan
0.3,0.75,0.5,0.48,walk,0.05,8,0,0.0,1.0,1.0,0.0,0.0,0.0,1.0,0.0,2.796682074964358,nan,nan,nan,2.465642911580121,nan,nan,nan,2.4472162529803585,nan,nan,nan,2.785310399220453,nan,nan,nan
0.3,0.75,0.5,0.48,walk,0.1,8,0,0.0,1.0,1.0,0.0,0.0,0.0,1.0,0.0,2.826333163167,nan,nan,nan,2.492971658538382,nan,nan,nan,2.484909207906205,nan,nan,nan,2.8158300248495487,nan,nan,nan
0.35,0.75,0.1,0.48,walk,0.025,8,0,0.0,1.0,1.0,0.0,0.0,0.0,1.0,0.0,6.985632482009207,nan,nan,nan,5.189135423915958,nan,nan,nan,5.090253322991449,nan,nan,nan,6.9151291964345365,nan,nan,nan
0.35,0.75,0.1,0.48,walk,0.05,8,0,0.0,1.0,1.0,0.0,0.0,0.0,1.0,0.0,5.296716736126583,nan,nan,nan,4.048290852522914,nan,nan,nan,3.9609141960790106,nan,nan,nan,5.211009402442791,nan,nan,nan
0.35,0.75,0.1,0.48,walk,0.1,8,0,0.0,1.0,1.0,0.0,0.0,0.0,1.0,0.0,5.049736884425528,nan,nan,nan,3.8687626276384792,nan,nan,nan,3.8023547756852594,nan,nan,nan,4.992336956931559,nan,nan,nan
0.35,0.75,0.2,0.48,walk,0.025,8,0,0.0,1.0,1.0,1.0,0.0,0.0,1.0,0.0,2.824804419278162,nan,nan,nan,2.4508803410068714,nan,nan,nan,2.431996936375441,nan,nan,nan,2.800966460503084,nan,nan,nan
0.35,0.75,0.2,0.48,walk,0.05,8,0,0.0,1.0,1.0,0.0,0.0,0.0,1.0,0.0,1.8033939842994142,nan,nan,nan,1.6181608104991325,nan,nan,nan,1.5736196991845426,nan,nan,nan,1.7775880801510437,nan,nan,nan
0.35,0.75,0.2,0.48,walk,0.1,8,0,0.0,1.0,1.0,0.0,0.0,0.0,1.0,0.0,1.497645377695822,nan,nan,nan,1.3884968854555302,nan,nan,nan,1.3349607764267688,nan,nan,nan,1.4545099472469714,nan,nan,nan
0.35,0.75,0.3,0.48,walk,0.025,8,0,0.0,1.0,1.0,1.0,0.0,0.0,1.0,0.0,6.457962424217552,nan,nan,nan,6.614322630900441,nan,nan,nan,6.455294827858771,nan,nan,nan,6.347978001654394,nan,nan,nan
0.35,0.75,0.3,0.48,walk,0.05,8,0,0.0,1.0,1.0,0.0,0.0,0.0,1.0,0.0,3.2318146239989005,nan,nan,nan,2.687593853556397,nan,nan,nan,2.592593328797115,nan,nan,nan,3.141218273309565,nan,nan,nan
0.35,0.75,0.3,0.48,walk,0.1,8,0,0.0,1.0,1.0,0.0,0.125,0.0,1.0,0.0,1.7802394071487435,nan,nan,nan,1.5224946617609734,nan,nan,nan,1.4681513914126865,nan,nan,nan,1.7491712924280738,nan,nan,nan
0.35,0.75,0.4,0.48,walk,0.025,8,0,0.0,1.0,1.0,1.0,0.0,0.0,1.0,0.0,75.7672889109657,nan,nan,nan,34.814757586837196,nan,nan,nan,33.132388796861996,nan,nan,nan,75.12295862713765,nan,nan,nan
0.35,0.75,0.4,0.48,walk,0.05,8,0,0.0,1.0,1.0,0.0,0.0,0.0,1.0,0.0,4.944577902542327,nan,nan,nan,3.626448241521717,nan,nan,nan,3.5668549984786138,nan,nan,nan,4.913501643244096,nan,nan,nan
0.35,0.75,0.4,0.48,walk,0.1,8,0,0.0,1.0,1.0,0.0,0.0,0.0,1.0,0.0,2.8082002234596333,nan,nan,nan,2.431047157822378,nan,nan,nan,2.3937789638515516,nan,nan,nan,2.762744824058326,nan,nan,nan
0.35,0.75,0.5,0.48,walk,0.025,8,0,0.0,1.0,1.0,1.0,0.0,0.0,1.0,0.0,5.150512577606816,nan,nan,nan,4.40105036147896,nan,nan,nan,4.348095117921966,nan,nan,nan,4.98916558796337,nan,nan,nan
0.35,0.75,0.5,0.48,walk,0.05,8,0,0.0,1.0,1.0,0.0,0.0,0.0,1.0,0.0,3.621852192412471,nan,nan,nan,3.0915236407047524,nan,nan,nan,3.062669179761654,nan,nan,nan,3.6043369263335947,nan,nan,nan
0.35,0.75,0.5,0.48,walk,0.1,8,0,0.0,1.0,1.0,0.0,0.0,0.0,1.0,0.0,3.4288047321179613,nan,nan,nan,2.9606991274839456,nan,nan,nan,2.9470046097406306,nan,nan,nan,3.4175287168289863,nan,nan,nan
0.4,0.75,0.1,0.48,walk,0.025,8,0,0.0,1.0,1.0,0.0,0.0,0.0,1.0,0.0,4.629076801372985,nan,nan,nan,3.5150606028865434,nan,nan,nan,3.4440827559449048,nan,nan,nan,4.585790013538126,nan,nan,nan
0.4,0.75,0.1,0.48,walk,0.05,8,0,0.0,1.0,1.0,0.0,0.0,0.0,1.0,0.0,4.891144908551567,nan,nan,nan,3.745322064634043,nan,nan,nan,3.6596998892283326,nan,nan,nan,4.8272925317154085,nan,nan,nan
0.4,0.75,0.1,0.48,walk,0.1,8,0,0.0,1.0,1.0,0.0,0.0,0.0,1.0,0.0,4.862192023103587,nan,nan,nan,3.7483245032026518,nan,nan,nan,3.6922268048961624,nan,nan,nan,4.813281491306716,nan,nan,nan
0.4,0.75,0.2,0.48,walk,0.025,8,0,0.0,1.0,1.0,1.0,0.0,0.0,1.0,0.0,2.540667039710769,nan,nan,nan,2.1388483746217752,nan,nan,nan,2.132639960327195,nan,nan,nan,2.503531036812784,nan,nan,nan
0.4,0.75,0.2,0.48,walk,0.05,8,0,0.0,1.0,1.0,0.0,0.0,0.0,1.0,0.0,1.8205506601723536,nan,nan,nan,1.5787171113188474,nan,nan,nan,1.5493619599808226,nan,nan,nan,1.7712977807664507,nan,nan,nan
0.4,0.75,0.2,0.48,walk,0.1,8,0,0.0,1.0,1.0,0.0,0.125,0.0,1.0,0.0,1.534752847922629,nan,nan,nan,1.3939017781384586,nan,nan,nan,1.3572591228654538,nan,nan,nan,1.518266672963338,nan,nan,nan
0.4,0.75,0.3,0.48,walk,0.025,8,0,0.0,1.0,1.0,1.0,0.0,0.0,1.0,0.0,7.259248011521769,nan,nan,nan,5.879691629470287,nan,nan,nan,5.6852724088896,nan,nan,nan,7.078441369243491,nan,nan,nan
0.4,0.75,0.3,0.48,walk,0.05,8,0,0.0,1.0,1.0,0.0,0.0,0.0,1.0,0.0,3.01897517250657,nan,nan,nan,2.674809019672348,nan,nan,nan,2.641053863014947,nan,nan,nan,2.9533955995348093,nan,nan,nan
0.4,0.75,0.3,0.48,walk,0.1,8,0,0.0,1.0,1.0,0.0,0.125,0.0,1.0,0.0,1.7571080266270318,nan,nan,nan,1.518400695774888,nan,nan,nan,1.5074888583279902,nan,nan,nan,1.7423047154648508,nan,nan,nan
0.4,0.75,0.4,0.48,walk,0.025,8,0,0.0,1.0,1.0,1.0,0.0,0.0,1.0,0.0,12.50297613444625,nan,nan,nan,12.33282365986388,nan,nan,nan,11.40307339729132,nan,nan,nan,12.2001334459337,nan,nan,nan
0.4,0.75,0.4,0.48,walk,0.05,8,0,0.0,1.0,1.0,0.0,0.0,0.0,1.0,0.0,5.169320730950513,nan,nan,nan,4.3815372240799695,nan,nan,nan,4.347576345968047,nan,nan,nan,4.926259423619925,nan,nan,nan
0.4,0.75,0.4,0.48,walk,0.1,8,0,0.0,1.0,1.0,0.0,0.0,0.0,1.0,0.0,2.432698718185608,nan,nan,nan,2.0672432225558035,nan,nan,nan,2.039212481234981,nan,nan,nan,2.4124212899701485,nan,nan,nan
0.4,0.75,0.5,0.48,walk,0.025,8,0,0.0,1.0,1.0,1.0,0.0,0.0,1.0,0.0,7.686804299553216,nan,nan,nan,7.782832268767127,nan,nan,nan,7.61843909321318,nan,nan,nan,7.537986754816478,nan,nan,nan
0.4,0.75,0.5,0.48,walk,0.05,8,0,0.0,1.0,1.0,0.0,0.0,0.0,1.0,0.0,4.27978403764298,nan,nan,nan,3.5962512792573413,nan,nan,nan,3.569457254792,nan,nan,nan,4.250133206545998,nan,nan,nan
0.4,0.75,0.5,0.48,walk,0.1,8,0,0.0,1.0,1.0,0.0,0.0,0.0,1.0,0.0,3.888422839979214,nan,nan,nan,3.2786318284571787,nan,nan,nan,3.2588195108916036,nan,nan,nan,3.8716575194542595,nan,nan,nan
