gait,policy,condition,period,speed,step_width,command_df,trials,success,failure,timeout,success_rate,ci_low,ci_high,mean_travel_m,mean_end_time_s
trot,base,nominal,0.36,0.30,0.1,0.5,64,64,0,0,1.0,0.9433739770288436,1.0,4.003148972988129,12.9990625
trot,base,nominal,0.36,0.30,0.1,0.625,64,64,0,0,1.0,0.9433739770288436,1.0,4.003356195986271,12.794374999999999
trot,base,nominal,0.36,0.30,0.2,0.5,64,64,0,0,1.0,0.9433739770288436,1.0,4.00322038680315,12.8621875
trot,base,nominal,0.36,0.30,0.2,0.625,64,64,0,0,1.0,0.9433739770288436,1.0,4.003812737762928,12.953125000000004
trot,base,nominal,0.36,0.30,0.3,0.5,64,64,0,0,1.0,0.9433739770288436,1.0,4.004132986068726,12.596249999999998
trot,base,nominal,0.36,0.30,0.3,0.625,64,64,0,0,1.0,0.9433739770288436,1.0,4.002725705504417,12.924062499999998
trot,base,nominal,0.36,0.30,0.4,0.5,64,64,0,0,1.0,0.9433739770288436,1.0,4.003459669649601,12.606874999999999
trot,base,nominal,0.36,0.30,0.4,0.625,64,64,0,0,1.0,0.9433739770288436,1.0,4.002638623118401,12.929375
trot,base,nominal,0.36,0.30,0.5,0.5,64,64,0,0,1.0,0.9433739770288436,1.0,4.003403343260288,12.9665625
trot,base,nominal,0.36,0.30,0.5,0.625,64,64,0,0,1.0,0.9433739770288436,1.0,4.002662055194378,13.0234375
trot,base,nominal,0.48,0.25,0.1,0.5,64,64,0,0,1.0,0.9433739770288436,1.0,4.002524271607399,15.4759375
trot,base,nominal,0.48,0.25,0.1,0.625,64,64,0,0,1.0,0.9433739770288436,1.0,4.00214484333992,15.549687500000001
trot,base,nominal,0.48,0.25,0.1,0.75,64,64,0,0,1.0,0.9433739770288436,1.0,4.002489544451237,15.7
trot,base,nominal,0.48,0.25,0.2,0.5,64,64,0,0,1.0,0.9433739770288436,1.0,4.002531103789806,15.565312500000001
trot,base,nominal,0.48,0.25,0.2,0.625,64,64,0,0,1.0,0.9433739770288436,1.0,4.002978056669235,15.740312499999998
trot,base,nominal,0.48,0.25,0.2,0.75,64,64,0,0,1.0,0.9433739770288436,1.0,4.002577759325504,16.024375
trot,base,nominal,0.48,0.25,0.3,0.5,64,64,0,0,1.0,0.9433739770288436,1.0,4.002787485718727,15.30625
trot,base,nominal,0.48,0.25,0.3,0.625,64,64,0,0,1.0,0.9433739770288436,1.0,4.002770766615868,15.729062500000001
trot,base,nominal,0.48,0.25,0.3,0.75,64,64,0,0,1.0,0.9433739770288436,1.0,4.002310760319233,16.166250000000005
trot,base,nominal,0.48,0.25,0.4,0.5,64,64,0,0,1.0,0.9433739770288436,1.0,4.002603016793728,15.5253125
trot,base,nominal,0.48,0.25,0.4,0.625,64,64,0,0,1.0,0.9433739770288436,1.0,4.002626493573189,15.749375
trot,base,nominal,0.48,0.25,0.4,0.75,64,64,0,0,1.0,0.9433739770288436,1.0,4.002592831850052,16.065312499999997
trot,base,nominal,0.48,0.25,0.5,0.5,64,64,0,0,1.0,0.9433739770288436,1.0,4.002562925219536,15.82
trot,base,nominal,0.48,0.25,0.5,0.625,64,64,0,0,1.0,0.9433739770288436,1.0,4.002686716616154,15.753125
trot,base,nominal,0.48,0.25,0.5,0.75,64,64,0,0,1.0,0.9433739770288436,1.0,4.002425365149975,16.097812500000003
trot,base,nominal,0.48,0.30,0.1,0.5,64,64,0,0,1.0,0.9433739770288436,1.0,4.0027652606368065,13.0353125
trot,base,nominal,0.48,0.30,0.1,0.625,64,64,0,0,1.0,0.9433739770288436,1.0,4.003558672964573,13.098125
trot,base,nominal,0.48,0.30,0.1,0.75,64,64,0,0,1.0,0.9433739770288436,1.0,4.003343492746353,13.239374999999999
trot,base,nominal,0.48,0.30,0.2,0.5,64,64,0,0,1.0,0.9433739770288436,1.0,4.003484733402729,13.0821875
trot,base,nominal,0.48,0.30,0.2,0.625,64,64,0,0,1.0,0.9433739770288436,1.0,4.003125950694084,13.201250000000002
trot,base,nominal,0.48,0.30,0.2,0.75,64,64,0,0,1.0,0.9433739770288436,1.0,4.0032284036278725,13.4253125
trot,base,nominal,0.48,0.30,0.3,0.5,64,64,0,0,1.0,0.9433739770288436,1.0,4.002763234078884,12.884374999999999
trot,base,nominal,0.48,0.30,0.3,0.625,64,64,0,0,1.0,0.9433739770288436,1.0,4.0032535418868065,13.241875
trot,base,nominal,0.48,0.30,0.3,0.75,64,64,0,0,1.0,0.9433739770288436,1.0,4.003078915178776,13.526562500000004
trot,base,nominal,0.48,0.30,0.4,0.5,64,64,0,0,1.0,0.9433739770288436,1.0,4.002895653247833,13.025
trot,base,nominal,0.48,0.30,0.4,0.625,64,64,0,0,1.0,0.9433739770288436,1.0,4.002522498369217,13.271562500000002
trot,base,nominal,0.48,0.30,0.4,0.75,64,64,0,0,1.0,0.9433739770288436,1.0,4.003848046064377,13.43
trot,base,nominal,0.48,0.30,0.5,0.5,64,64,0,0,1.0,0.9433739770288436,1.0,4.003570236265659,13.118750000000002
trot,base,nominal,0.48,0.30,0.5,0.625,64,64,0,0,1.0,0.9433739770288436,1.0,4.003232032060623,13.235
trot,base,nominal,0.48,0.30,0.5,0.75,64,64,0,0,1.0,0.9433739770288436,1.0,4.003157779574394,13.523437500000004
trot,base,nominal,0.48,0.35,0.1,0.5,64,64,0,0,1.0,0.9433739770288436,1.0,4.003338299691677,11.3409375
trot,base,nominal,0.48,0.35,0.1,0.625,64,64,0,0,1.0,0.9433739770288436,1.0,4.003730498254299,11.3525
trot,base,nominal,0.48,0.35,0.1,0.75,64,64,0,0,1.0,0.9433739770288436,1.0,4.003591924905777,11.455312500000002
trot,base,nominal,0.48,0.35,0.2,0.5,64,64,0,0,1.0,0.9433739770288436,1.0,4.003657057881355,11.399062500000003
trot,base,nominal,0.48,0.35,0.2,0.625,64,64,0,0,1.0,0.9433739770288436,1.0,4.003276377916336,11.42
trot,base,nominal,0.48,0.35,0.2,0.75,64,64,0,0,1.0,0.9433739770288436,1.0,4.002411484718323,11.560312500000002
trot,base,nominal,0.48,0.35,0.3,0.5,64,64,0,0,1.0,0.9433739770288436,1.0,4.003277435898781,11.224062499999999
trot,base,nominal,0.48,0.35,0.3,0.625,64,64,0,0,1.0,0.9433739770288436,1.0,4.00390187650919,11.461250000000001
trot,base,nominal,0.48,0.35,0.3,0.75,64,64,0,0,1.0,0.9433739770288436,1.0,4.002738259732723,11.589374999999997
trot,base,nominal,0.48,0.35,0.4,0.5,64,64,0,0,1.0,0.9433739770288436,1.0,4.003277085721493,11.239999999999998
trot,base,nominal,0.48,0.35,0.4,0.625,64,64,0,0,1.0,0.9433739770288436,1.0,4.003280006349087,11.490625000000001
trot,base,nominal,0.48,0.35,0.4,0.75,64,64,0,0,1.0,0.9433739770288436,1.0,4.0027012676000595,11.533437500000002
trot,base,nominal,0.48,0.35,0.5,0.5,64,64,0,0,1.0,0.9433739770288436,1.0,4.003678567707539,11.2765625
trot,base,nominal,0.48,0.35,0.5,0.625,64,64,0,0,1.0,0.9433739770288436,1.0,4.003741882741451,11.4290625
trot,base,nominal,0.48,0.35,0.5,0.75,64,64,0,0,1.0,0.9433739770288436,1.0,4.003677032887936,11.604062500000001
trot,base,nominal,0.48,0.40,0.1,0.5,64,64,0,0,1.0,0.9433739770288436,1.0,4.004789687693119,10.0590625
trot,base,nominal,0.48,0.40,0.1,0.625,64,64,0,0,1.0,0.9433739770288436,1.0,4.003715671598911,10.059999999999999
trot,base,nominal,0.48,0.40,0.1,0.75,64,64,0,0,1.0,0.9433739770288436,1.0,4.0029032304883,10.100625
trot,base,nominal,0.48,0.40,0.2,0.5,64,64,0,0,1.0,0.9433739770288436,1.0,4.0053201243281364,10.1371875
trot,base,nominal,0.48,0.40,0.2,0.625,64,64,0,0,1.0,0.9433739770288436,1.0,4.0033168643713,10.1034375
trot,base,nominal,0.48,0.40,0.2,0.75,64,64,0,0,1.0,0.9433739770288436,1.0,4.0035670548677444,10.155937499999999
trot,base,nominal,0.48,0.40,0.3,0.5,64,64,0,0,1.0,0.9433739770288436,1.0,4.002843536436558,10.01625
trot,base,nominal,0.48,0.40,0.3,0.625,64,64,0,0,1.0,0.9433739770288436,1.0,4.004756025969982,10.1334375
trot,base,nominal,0.48,0.40,0.3,0.75,64,64,0,0,1.0,0.9433739770288436,1.0,4.005194894969463,10.149687499999999
trot,base,nominal,0.48,0.40,0.4,0.5,64,64,0,0,1.0,0.9433739770288436,1.0,4.003823168575764,10.0
trot,base,nominal,0.48,0.40,0.4,0.625,64,64,0,0,1.0,0.9433739770288436,1.0,4.0040658712387085,10.136875
trot,base,nominal,0.48,0.40,0.4,0.75,64,64,0,0,1.0,0.9433739770288436,1.0,4.0038265362381935,10.11625
trot,base,nominal,0.48,0.40,0.5,0.5,64,64,0,0,1.0,0.9433739770288436,1.0,4.004908449947834,9.9290625
trot,base,nominal,0.48,0.40,0.5,0.625,64,64,0,0,1.0,0.9433739770288436,1.0,4.00425561517477,10.0628125
trot,base,nominal,0.48,0.40,0.5,0.75,64,64,0,0,1.0,0.9433739770288436,1.0,4.003408946096897,10.173125
trot,base,nominal,0.54,0.30,0.1,0.5,64,64,0,0,1.0,0.9433739770288436,1.0,4.002889439463615,13.099999999999998
trot,base,nominal,0.54,0.30,0.1,0.625,64,64,0,0,1.0,0.9433739770288436,1.0,4.003244921565056,13.06375
trot,base,nominal,0.54,0.30,0.1,0.75,64,64,0,0,1.0,0.9433739770288436,1.0,4.003283642232418,13.1925
trot,base,nominal,0.54,0.30,0.2,0.5,64,64,0,0,1.0,0.9433739770288436,1.0,4.002716399729252,13.27375
trot,base,nominal,0.54,0.30,0.2,0.625,64,64,0,0,1.0,0.9433739770288436,1.0,4.002855129539967,13.2228125
trot,base,nominal,0.54,0.30,0.2,0.75,64,64,0,0,1.0,0.9433739770288436,1.0,4.002894222736359,13.236249999999998
trot,base,nominal,0.54,0.30,0.3,0.5,64,64,0,0,1.0,0.9433739770288436,1.0,4.003096044063568,13.215937499999999
trot,base,nominal,0.54,0.30,0.3,0.625,64,64,0,0,1.0,0.9433739770288436,1.0,4.002915918827057,13.2665625
trot,base,nominal,0.54,0.30,0.3,0.75,64,64,0,0,1.0,0.9433739770288436,1.0,4.003401927649975,13.3171875
trot,base,nominal,0.54,0.30,0.4,0.5,64,64,0,0,1.0,0.9433739770288436,1.0,4.003390155732632,13.235624999999999
trot,base,nominal,0.54,0.30,0.4,0.625,64,64,0,0,1.0,0.9433739770288436,1.0,4.0033213570714,13.1828125
trot,base,nominal,0.54,0.30,0.4,0.75,64,64,0,0,1.0,0.9433739770288436,1.0,4.003044322133064,13.326875000000001
trot,base,nominal,0.54,0.30,0.5,0.5,64,64,0,0,1.0,0.9433739770288436,1.0,4.002842538058758,13.2696875
trot,base,nominal,0.54,0.30,0.5,0.625,64,64,0,0,1.0,0.9433739770288436,1.0,4.003614746034145,13.090312499999998
trot,base,nominal,0.54,0.30,0.5,0.75,64,64,0,0,1.0,0.9433739770288436,1.0,4.002737537026405,13.3696875
trot,base,perturbed,0.36,0.30,0.1,0.5,64,11,53,0,0.171875,0.0987764126731623,0.2821344149016591,3.1274624336510897,10.664375
trot,base,perturbed,0.36,0.30,0.1,0.625,64,25,39,0,0.390625,0.28055388546896454,0.5130830570559759,3.3967900034040213,11.564687500000002
trot,base,perturbed,0.36,0.30,0.2,0.5,64,64,0,0,1.0,0.9433739770288436,1.0,4.002940088510513,13.125
trot,base,perturbed,0.36,0.30,0.2,0.625,64,64,0,0,1.0,0.9433739770288436,1.0,4.003470927476883,13.069375
trot,base,perturbed,0.36,0.30,0.3,0.5,64,64,0,0,1.0,0.9433739770288436,1.0,4.003252230584621,12.7915625
trot,base,perturbed,0.36,0.30,0.3,0.625,64,64,0,0,1.0,0.9433739770288436,1.0,4.003478668630123,13.004999999999999
trot,base,perturbed,0.36,0.30,0.4,0.5,64,64,0,0,1.0,0.9433739770288436,1.0,4.002982899546623,12.778749999999999
trot,base,perturbed,0.36,0.30,0.4,0.625,64,64,0,0,1.0,0.9433739770288436,1.0,4.003231555223465,12.9625
trot,base,perturbed,0.36,0.30,0.5,0.5,64,64,0,0,1.0,0.9433739770288436,1.0,4.003494895994663,12.993125
trot,base,perturbed,0.36,0.30,0.5,0.625,64,64,0,0,1.0,0.9433739770288436,1.0,4.003228105604649,12.980625000000002
trot,base,perturbed,0.48,0.25,0.1,0.5,64,1,63,0,0.015625,0.0027634707504014047,0.08334298900290629,2.087593974545598,8.5303125
trot,base,perturbed,0.48,0.25,0.1,0.625,64,1,63,0,0.015625,0.0027634707504014047,0.08334298900290629,2.283547807484865,9.732499999999998
trot,base,perturbed,0.48,0.25,0.1,0.75,64,12,52,0,0.1875,0.11064534880922097,0.29974591554775176,2.8359615355730057,12.2784375
trot,base,perturbed,0.48,0.25,0.2,0.5,64,47,17,0,0.734375,0.615168937427648,0.8270376143046224,3.8006378188729286,14.9959375
trot,base,perturbed,0.48,0.25,0.2,0.625,64,57,7,0,0.890625,0.7910113670806147,0.9459995524731695,3.874574212357402,15.62875
trot,base,perturbed,0.48,0.25,0.2,0.75,64,63,1,0,0.984375,0.9166570109970937,0.9972365292495986,3.97170078009367,16.201875
trot,base,perturbed,0.48,0.25,0.3,0.5,64,64,0,0,1.0,0.9433739770288436,1.0,4.002706475555897,15.3759375
trot,base,perturbed,0.48,0.25,0.3,0.625,64,64,0,0,1.0,0.9433739770288436,1.0,4.0026619508862495,15.89375
trot,base,perturbed,0.48,0.25,0.3,0.75,64,64,0,0,1.0,0.9433739770288436,1.0,4.002242490649223,16.200625000000002
trot,base,perturbed,0.48,0.25,0.4,0.5,64,64,0,0,1.0,0.9433739770288436,1.0,4.003007590770721,15.42875
trot,base,perturbed,0.48,0.25,0.4,0.625,64,64,0,0,1.0,0.9433739770288436,1.0,4.002784103155136,15.800625
trot,base,perturbed,0.48,0.25,0.4,0.75,64,64,0,0,1.0,0.9433739770288436,1.0,4.002446360886097,16.03
trot,base,perturbed,0.48,0.25,0.5,0.5,64,64,0,0,1.0,0.9433739770288436,1.0,4.002833537757397,15.627187500000002
trot,base,perturbed,0.48,0.25,0.5,0.625,64,64,0,0,1.0,0.9433739770288436,1.0,4.002980284392834,15.6728125
trot,base,perturbed,0.48,0.25,0.5,0.75,64,64,0,0,1.0,0.9433739770288436,1.0,4.00256460160017,15.955625000000001
trot,base,perturbed,0.48,0.30,0.1,0.5,64,1,63,0,0.015625,0.0027634707504014047,0.08334298900290629,2.4421331360936165,8.254687500000001
trot,base,perturbed,0.48,0.30,0.1,0.625,64,2,62,0,0.03125,0.00861195771251659,0.10697493882294247,2.7076517697423697,9.542187499999999
trot,base,perturbed,0.48,0.30,0.1,0.75,64,15,49,0,0.234375,0.1474976721963502,0.35133490250707655,3.0990143064409494,11.1265625
trot,base,perturbed,0.48,0.30,0.2,0.5,64,55,9,0,0.859375,0.7538349160536257,0.9242151299358556,3.925709292292595,12.946562499999999
trot,base,perturbed,0.48,0.30,0.2,0.625,64,60,4,0,0.9375,0.8500230335750312,0.9754291963252071,3.9593376889824867,13.323125000000001
trot,base,perturbed,0.48,0.30,0.2,0.75,64,62,2,0,0.96875,0.8930250611770575,0.9913880422874833,3.97549257427454,13.533437500000002
trot,base,perturbed,0.48,0.30,0.3,0.5,64,64,0,0,1.0,0.9433739770288436,1.0,4.003517799079418,12.877187500000002
trot,base,perturbed,0.48,0.30,0.3,0.625,64,64,0,0,1.0,0.9433739770288436,1.0,4.002703845500946,13.3146875
trot,base,perturbed,0.48,0.30,0.3,0.75,64,64,0,0,1.0,0.9433739770288436,1.0,4.002877123653889,13.5478125
trot,base,perturbed,0.48,0.30,0.4,0.5,64,64,0,0,1.0,0.9433739770288436,1.0,4.003458961844444,12.958437500000002
trot,base,perturbed,0.48,0.30,0.4,0.625,64,64,0,0,1.0,0.9433739770288436,1.0,4.00273647159338,13.262812499999999
trot,base,perturbed,0.48,0.30,0.4,0.75,64,64,0,0,1.0,0.9433739770288436,1.0,4.002942569553852,13.439062500000002
trot,base,perturbed,0.48,0.30,0.5,0.5,64,64,0,0,1.0,0.9433739770288436,1.0,4.003098711371422,13.0475
trot,base,perturbed,0.48,0.30,0.5,0.625,64,64,0,0,1.0,0.9433739770288436,1.0,4.003603912889957,13.1796875
trot,base,perturbed,0.48,0.30,0.5,0.75,64,64,0,0,1.0,0.9433739770288436,1.0,4.003188021481037,13.4390625
trot,base,perturbed,0.48,0.35,0.1,0.5,64,6,58,0,0.09375,0.04367765783128784,0.1898309858327767,2.8162558637559414,8.156875
trot,base,perturbed,0.48,0.35,0.1,0.625,64,9,55,0,0.140625,0.07578487006414436,0.24616508394637426,3.1416558641940355,9.423437499999999
trot,base,perturbed,0.48,0.35,0.1,0.75,64,25,39,0,0.390625,0.28055388546896454,0.5130830570559759,3.4501616191118956,10.528437499999999
trot,base,perturbed,0.48,0.35,0.2,0.5,64,59,5,0,0.921875,0.8298024712135222,0.9661693219045645,3.958997204899788,11.305
trot,base,perturbed,0.48,0.35,0.2,0.625,64,61,3,0,0.953125,0.8710013921145747,0.9839312745678148,3.9740144312381744,11.514375000000001
trot,base,perturbed,0.48,0.35,0.2,0.75,64,63,1,0,0.984375,0.9166570109970937,0.9972365292495986,3.984753780066967,11.6409375
trot,base,perturbed,0.48,0.35,0.3,0.5,64,64,0,0,1.0,0.9433739770288436,1.0,4.00337153673172,11.225625
trot,base,perturbed,0.48,0.35,0.3,0.625,64,64,0,0,1.0,0.9433739770288436,1.0,4.003299213945866,11.497187499999999
trot,base,perturbed,0.48,0.35,0.3,0.75,64,64,0,0,1.0,0.9433739770288436,1.0,4.003294415771961,11.634062500000002
trot,base,perturbed,0.48,0.35,0.4,0.5,64,64,0,0,1.0,0.9433739770288436,1.0,4.004099480807781,11.2534375
trot,base,perturbed,0.48,0.35,0.4,0.625,64,64,0,0,1.0,0.9433739770288436,1.0,4.004020228981972,11.485
trot,base,perturbed,0.48,0.35,0.4,0.75,64,64,0,0,1.0,0.9433739770288436,1.0,4.003986068069935,11.548124999999999
trot,base,perturbed,0.48,0.35,0.5,0.5,64,64,0,0,1.0,0.9433739770288436,1.0,4.003708153963089,11.27
trot,base,perturbed,0.48,0.35,0.5,0.625,64,64,0,0,1.0,0.9433739770288436,1.0,4.003942251205444,11.399999999999999
trot,base,perturbed,0.48,0.35,0.5,0.75,64,64,0,0,1.0,0.9433739770288436,1.0,4.003622367978096,11.588437499999998
trot,base,perturbed,0.48,0.40,0.1,0.5,64,6,58,0,0.09375,0.04367765783128784,0.1898309858327767,3.0502295922487974,7.800625
trot,base,perturbed,0.48,0.40,0.1,0.625,64,17,47,0,0.265625,0.17296238569537764,0.38483106257235195,3.315478974953294,8.5725
trot,base,perturbed,0.48,0.40,0.1,0.75,64,31,33,0,0.484375,0.36633348565783896,0.6041860775600096,3.682683229446411,9.7259375
trot,base,perturbed,0.48,0.40,0.2,0.5,64,61,3,0,0.953125,0.8710013921145747,0.9839312745678148,3.9746176078915596,10.06375
trot,base,perturbed,0.48,0.40,0.2,0.625,64,61,3,0,0.953125,0.8710013921145747,0.9839312745678148,3.9825239405035973,10.13375
trot,base,perturbed,0.48,0.40,0.2,0.75,64,63,1,0,0.984375,0.9166570109970937,0.9972365292495986,3.9914050176739693,10.208124999999999
trot,base,perturbed,0.48,0.40,0.3,0.5,64,64,0,0,1.0,0.9433739770288436,1.0,4.0041221752762794,9.96125
trot,base,perturbed,0.48,0.40,0.3,0.625,64,64,0,0,1.0,0.9433739770288436,1.0,4.004108585417271,10.135625000000001
trot,base,perturbed,0.48,0.40,0.3,0.75,64,64,0,0,1.0,0.9433739770288436,1.0,4.003752462565899,10.165937500000002
trot,base,perturbed,0.48,0.40,0.4,0.5,64,64,0,0,1.0,0.9433739770288436,1.0,4.004183709621429,9.9528125
trot,base,perturbed,0.48,0.40,0.4,0.625,64,64,0,0,1.0,0.9433739770288436,1.0,4.0036769062280655,10.11375
trot,base,perturbed,0.48,0.40,0.4,0.75,64,64,0,0,1.0,0.9433739770288436,1.0,4.003899849951267,10.1021875
trot,base,perturbed,0.48,0.40,0.5,0.5,64,64,0,0,1.0,0.9433739770288436,1.0,4.00397352129221,9.9175
trot,base,perturbed,0.48,0.40,0.5,0.625,64,64,0,0,1.0,0.9433739770288436,1.0,4.004478812217712,10.0275
trot,base,perturbed,0.48,0.40,0.5,0.75,64,64,0,0,1.0,0.9433739770288436,1.0,4.004185192286968,10.1625
trot,base,perturbed,0.54,0.30,0.1,0.5,64,1,63,0,0.015625,0.0027634707504014047,0.08334298900290629,2.2434701547026634,7.471875000000001
trot,base,perturbed,0.54,0.30,0.1,0.625,64,2,62,0,0.03125,0.00861195771251659,0.10697493882294247,2.46285349316895,8.7553125
trot,base,perturbed,0.54,0.30,0.1,0.75,64,9,55,0,0.140625,0.07578487006414436,0.24616508394637426,2.9761277474462986,10.788125
trot,base,perturbed,0.54,0.30,0.2,0.5,64,49,15,0,0.765625,0.6486650974929234,0.8525023278036498,3.8466449975967407,12.774687499999999
trot,base,perturbed,0.54,0.30,0.2,0.625,64,53,11,0,0.828125,0.7178655850983409,0.9012235873268377,3.887611858546734,13.1809375
trot,base,perturbed,0.54,0.30,0.2,0.75,64,63,1,0,0.984375,0.9166570109970937,0.9972365292495986,3.977218836545944,13.420312500000001
trot,base,perturbed,0.54,0.30,0.3,0.5,64,64,0,0,1.0,0.9433739770288436,1.0,4.0033667758107185,13.0675
trot,base,perturbed,0.54,0.30,0.3,0.625,64,64,0,0,1.0,0.9433739770288436,1.0,4.003161698579788,13.3475
trot,base,perturbed,0.54,0.30,0.3,0.75,64,64,0,0,1.0,0.9433739770288436,1.0,4.0032325610518456,13.3721875
trot,base,perturbed,0.54,0.30,0.4,0.5,64,64,0,0,1.0,0.9433739770288436,1.0,4.0035489201545715,13.054375
trot,base,perturbed,0.54,0.30,0.4,0.625,64,64,0,0,1.0,0.9433739770288436,1.0,4.003429017961025,13.252500000000001
trot,base,perturbed,0.54,0.30,0.4,0.75,64,64,0,0,1.0,0.9433739770288436,1.0,4.003294058144093,13.322812500000001
trot,base,perturbed,0.54,0.30,0.5,0.5,64,64,0,0,1.0,0.9433739770288436,1.0,4.002836957573891,13.0234375
trot,base,perturbed,0.54,0.30,0.5,0.625,64,64,0,0,1.0,0.9433739770288436,1.0,4.00331387668848,13.095625
trot,base,perturbed,0.54,0.30,0.5,0.75,64,64,0,0,1.0,0.9433739770288436,1.0,4.0031545758247375,13.3315625
trot,tuned,nominal,0.36,0.30,0.1,0.5,64,64,0,0,1.0,0.9433739770288436,1.0,4.003218963742256,12.29625
trot,tuned,nominal,0.36,0.30,0.1,0.625,64,64,0,0,1.0,0.9433739770288436,1.0,4.00345054268837,12.816562499999998
trot,tuned,nominal,0.36,0.30,0.2,0.5,64,64,0,0,1.0,0.9433739770288436,1.0,4.004465714097023,12.6953125
trot,tuned,nominal,0.36,0.30,0.2,0.625,64,64,0,0,1.0,0.9433739770288436,1.0,4.002614989876747,13.082187499999998
trot,tuned,nominal,0.36,0.30,0.3,0.5,64,64,0,0,1.0,0.9433739770288436,1.0,4.002787910401821,12.69875
trot,tuned,nominal,0.36,0.30,0.3,0.625,64,64,0,0,1.0,0.9433739770288436,1.0,4.00318369269371,13.1878125
trot,tuned,nominal,0.36,0.30,0.4,0.5,64,64,0,0,1.0,0.9433739770288436,1.0,4.003566466271877,12.872187499999999
trot,tuned,nominal,0.36,0.30,0.4,0.625,64,64,0,0,1.0,0.9433739770288436,1.0,4.003582134842873,13.110937500000002
trot,tuned,nominal,0.36,0.30,0.5,0.5,64,64,0,0,1.0,0.9433739770288436,1.0,4.003542892634869,12.835
trot,tuned,nominal,0.36,0.30,0.5,0.625,64,64,0,0,1.0,0.9433739770288436,1.0,4.003489270806313,12.8090625
trot,tuned,nominal,0.48,0.25,0.1,0.5,64,64,0,0,1.0,0.9433739770288436,1.0,4.003725692629814,15.099999999999998
trot,tuned,nominal,0.48,0.25,0.1,0.625,64,64,0,0,1.0,0.9433739770288436,1.0,4.002312198281288,14.7859375
trot,tuned,nominal,0.48,0.25,0.1,0.75,64,64,0,0,1.0,0.9433739770288436,1.0,4.002591997385025,15.388437500000002
trot,tuned,nominal,0.48,0.25,0.2,0.5,64,64,0,0,1.0,0.9433739770288436,1.0,4.0026508420705795,15.415937500000002
trot,tuned,nominal,0.48,0.25,0.2,0.625,64,64,0,0,1.0,0.9433739770288436,1.0,4.002711243927479,15.595625
trot,tuned,nominal,0.48,0.25,0.2,0.75,64,64,0,0,1.0,0.9433739770288436,1.0,4.003152392804623,15.814374999999998
trot,tuned,nominal,0.48,0.25,0.3,0.5,64,64,0,0,1.0,0.9433739770288436,1.0,4.0026847049593925,15.4959375
trot,tuned,nominal,0.48,0.25,0.3,0.625,64,64,0,0,1.0,0.9433739770288436,1.0,4.002569705247879,15.920000000000002
trot,tuned,nominal,0.48,0.25,0.3,0.75,64,64,0,0,1.0,0.9433739770288436,1.0,4.0033164992928505,16.0253125
trot,tuned,nominal,0.48,0.25,0.4,0.5,64,64,0,0,1.0,0.9433739770288436,1.0,4.0026485323905945,15.7184375
trot,tuned,nominal,0.48,0.25,0.4,0.625,64,64,0,0,1.0,0.9433739770288436,1.0,4.002347953617573,15.630937500000002
trot,tuned,nominal,0.48,0.25,0.4,0.75,64,64,0,0,1.0,0.9433739770288436,1.0,4.002718962728977,15.919687499999998
trot,tuned,nominal,0.48,0.25,0.5,0.5,64,64,0,0,1.0,0.9433739770288436,1.0,4.002507872879505,15.4034375
trot,tuned,nominal,0.48,0.25,0.5,0.625,64,64,0,0,1.0,0.9433739770288436,1.0,4.002776853740215,15.1284375
trot,tuned,nominal,0.48,0.25,0.5,0.75,64,64,0,0,1.0,0.9433739770288436,1.0,4.00379229336977,15.649375
trot,tuned,nominal,0.48,0.30,0.1,0.5,64,64,0,0,1.0,0.9433739770288436,1.0,4.002450153231621,13.005625000000002
trot,tuned,nominal,0.48,0.30,0.1,0.625,64,64,0,0,1.0,0.9433739770288436,1.0,4.0031315460801125,12.623125000000002
trot,tuned,nominal,0.48,0.30,0.1,0.75,64,64,0,0,1.0,0.9433739770288436,1.0,4.0030608251690865,13.188750000000002
trot,tuned,nominal,0.48,0.30,0.2,0.5,64,64,0,0,1.0,0.9433739770288436,1.0,4.002998806536198,13.166875
trot,tuned,nominal,0.48,0.30,0.2,0.625,64,64,0,0,1.0,0.9433739770288436,1.0,4.00351057946682,13.1715625
trot,tuned,nominal,0.48,0.30,0.2,0.75,64,64,0,0,1.0,0.9433739770288436,1.0,4.00281785428524,13.4015625
trot,tuned,nominal,0.48,0.30,0.3,0.5,64,64,0,0,1.0,0.9433739770288436,1.0,4.00324060022831,13.044375000000002
trot,tuned,nominal,0.48,0.30,0.3,0.625,64,64,0,0,1.0,0.9433739770288436,1.0,4.0030034855008125,13.3759375
trot,tuned,nominal,0.48,0.30,0.3,0.75,64,64,0,0,1.0,0.9433739770288436,1.0,4.003603100776672,13.525000000000002
trot,tuned,nominal,0.48,0.30,0.4,0.5,64,64,0,0,1.0,0.9433739770288436,1.0,4.002918012440205,13.02875
trot,tuned,nominal,0.48,0.30,0.4,0.625,64,64,0,0,1.0,0.9433739770288436,1.0,4.003147475421429,13.192499999999999
trot,tuned,nominal,0.48,0.30,0.4,0.75,64,64,0,0,1.0,0.9433739770288436,1.0,4.003440700471401,13.405625
trot,tuned,nominal,0.48,0.30,0.5,0.5,64,64,0,0,1.0,0.9433739770288436,1.0,4.003238193690777,12.963437500000001
trot,tuned,nominal,0.48,0.30,0.5,0.625,64,64,0,0,1.0,0.9433739770288436,1.0,4.0033178627491,12.775312500000002
trot,tuned,nominal,0.48,0.30,0.5,0.75,64,64,0,0,1.0,0.9433739770288436,1.0,4.002972513437271,13.270625000000003
trot,tuned,nominal,0.48,0.35,0.1,0.5,64,64,0,0,1.0,0.9433739770288436,1.0,4.00388965010643,11.3703125
trot,tuned,nominal,0.48,0.35,0.1,0.625,64,64,0,0,1.0,0.9433739770288436,1.0,4.004195876419544,11.225624999999999
trot,tuned,nominal,0.48,0.35,0.1,0.75,64,64,0,0,1.0,0.9433739770288436,1.0,4.003071792423725,11.572187499999998
trot,tuned,nominal,0.48,0.35,0.2,0.5,64,64,0,0,1.0,0.9433739770288436,1.0,4.0037457421422005,11.478750000000002
trot,tuned,nominal,0.48,0.35,0.2,0.625,64,64,0,0,1.0,0.9433739770288436,1.0,4.003521181643009,11.434375
trot,tuned,nominal,0.48,0.35,0.2,0.75,64,64,0,0,1.0,0.9433739770288436,1.0,4.003821507096291,11.658437499999998
trot,tuned,nominal,0.48,0.35,0.3,0.5,64,64,0,0,1.0,0.9433739770288436,1.0,4.004020996391773,11.3121875
trot,tuned,nominal,0.48,0.35,0.3,0.625,64,64,0,0,1.0,0.9433739770288436,1.0,4.002780646085739,11.5040625
trot,tuned,nominal,0.48,0.35,0.3,0.75,64,64,0,0,1.0,0.9433739770288436,1.0,4.004145137965679,11.71
trot,tuned,nominal,0.48,0.35,0.4,0.5,64,64,0,0,1.0,0.9433739770288436,1.0,4.003199011087418,11.319375
trot,tuned,nominal,0.48,0.35,0.4,0.625,64,64,0,0,1.0,0.9433739770288436,1.0,4.003250181674957,11.42625
trot,tuned,nominal,0.48,0.35,0.4,0.75,64,64,0,0,1.0,0.9433739770288436,1.0,4.003992423415184,11.622812500000002
trot,tuned,nominal,0.48,0.35,0.5,0.5,64,64,0,0,1.0,0.9433739770288436,1.0,4.003806971013546,11.229062500000001
trot,tuned,nominal,0.48,0.35,0.5,0.625,64,64,0,0,1.0,0.9433739770288436,1.0,4.003229133784771,11.064375
trot,tuned,nominal,0.48,0.35,0.5,0.75,64,64,0,0,1.0,0.9433739770288436,1.0,4.0037150755524635,11.50375
trot,tuned,nominal,0.48,0.40,0.1,0.5,64,64,0,0,1.0,0.9433739770288436,1.0,4.001870810985565,10.0990625
trot,tuned,nominal,0.48,0.40,0.1,0.625,64,64,0,0,1.0,0.9433739770288436,1.0,4.003056772053242,9.949375
trot,tuned,nominal,0.48,0.40,0.1,0.75,64,64,0,0,1.0,0.9433739770288436,1.0,4.006133988499641,10.329375
trot,tuned,nominal,0.48,0.40,0.2,0.5,64,64,0,0,1.0,0.9433739770288436,1.0,4.0047256126999855,10.190312500000001
trot,tuned,nominal,0.48,0.40,0.2,0.625,64,64,0,0,1.0,0.9433739770288436,1.0,4.004469208419323,10.1371875
trot,tuned,nominal,0.48,0.40,0.2,0.75,64,64,0,0,1.0,0.9433739770288436,1.0,4.003592327237129,10.332500000000001
trot,tuned,nominal,0.48,0.40,0.3,0.5,64,64,0,0,1.0,0.9433739770288436,1.0,4.003928110003471,10.0578125
trot,tuned,nominal,0.48,0.40,0.3,0.625,64,64,0,0,1.0,0.9433739770288436,1.0,4.004731178283691,10.115625000000001
trot,tuned,nominal,0.48,0.40,0.3,0.75,64,64,0,0,1.0,0.9433739770288436,1.0,4.00351345539093,10.3171875
trot,tuned,nominal,0.48,0.40,0.4,0.5,64,64,0,0,1.0,0.9433739770288436,1.0,4.003624990582466,10.020624999999999
trot,tuned,nominal,0.48,0.40,0.4,0.625,64,64,0,0,1.0,0.9433739770288436,1.0,4.004864811897278,10.0446875
trot,tuned,nominal,0.48,0.40,0.4,0.75,64,64,0,0,1.0,0.9433739770288436,1.0,4.004848942160606,10.2325
trot,tuned,nominal,0.48,0.40,0.5,0.5,64,64,0,0,1.0,0.9433739770288436,1.0,4.004253096878529,9.877187500000002
trot,tuned,nominal,0.48,0.40,0.5,0.625,64,64,0,0,1.0,0.9433739770288436,1.0,4.004195511341095,9.834062500000002
trot,tuned,nominal,0.48,0.40,0.5,0.75,64,64,0,0,1.0,0.9433739770288436,1.0,4.003586575388908,10.254375
trot,tuned,nominal,0.54,0.30,0.1,0.5,64,64,0,0,1.0,0.9433739770288436,1.0,4.0032077729702,13.115000000000002
trot,tuned,nominal,0.54,0.30,0.1,0.625,64,64,0,0,1.0,0.9433739770288436,1.0,4.002732530236244,12.66
trot,tuned,nominal,0.54,0.30,0.1,0.75,64,64,0,0,1.0,0.9433739770288436,1.0,4.00317195802927,13.199375
trot,tuned,nominal,0.54,0.30,0.2,0.5,64,64,0,0,1.0,0.9433739770288436,1.0,4.0025530233979225,13.4340625
trot,tuned,nominal,0.54,0.30,0.2,0.625,64,64,0,0,1.0,0.9433739770288436,1.0,4.003893241286278,13.030937500000002
trot,tuned,nominal,0.54,0.30,0.2,0.75,64,64,0,0,1.0,0.9433739770288436,1.0,4.002969592809677,13.427499999999998
trot,tuned,nominal,0.54,0.30,0.3,0.5,64,64,0,0,1.0,0.9433739770288436,1.0,4.002977587282658,13.4971875
trot,tuned,nominal,0.54,0.30,0.3,0.625,64,64,0,0,1.0,0.9433739770288436,1.0,4.002819202840328,13.179687500000002
trot,tuned,nominal,0.54,0.30,0.3,0.75,64,64,0,0,1.0,0.9433739770288436,1.0,4.001873143017292,13.5503125
trot,tuned,nominal,0.54,0.30,0.4,0.5,64,64,0,0,1.0,0.9433739770288436,1.0,4.003108650445938,13.3571875
trot,tuned,nominal,0.54,0.30,0.4,0.625,64,64,0,0,1.0,0.9433739770288436,1.0,4.002696663141251,13.1403125
trot,tuned,nominal,0.54,0.30,0.4,0.75,64,64,0,0,1.0,0.9433739770288436,1.0,4.001845046877861,13.444062500000001
trot,tuned,nominal,0.54,0.30,0.5,0.5,64,64,0,0,1.0,0.9433739770288436,1.0,4.003296263515949,12.8303125
trot,tuned,nominal,0.54,0.30,0.5,0.625,64,64,0,0,1.0,0.9433739770288436,1.0,4.00355576723814,12.795312500000001
trot,tuned,nominal,0.54,0.30,0.5,0.75,64,64,0,0,1.0,0.9433739770288436,1.0,4.002980642020702,13.170000000000002
trot,tuned,perturbed,0.36,0.30,0.1,0.5,64,64,0,0,1.0,0.9433739770288436,1.0,4.003020480275154,12.7196875
trot,tuned,perturbed,0.36,0.30,0.1,0.625,64,64,0,0,1.0,0.9433739770288436,1.0,4.003057479858398,12.929375
trot,tuned,perturbed,0.36,0.30,0.2,0.5,64,64,0,0,1.0,0.9433739770288436,1.0,4.003041759133339,12.8246875
trot,tuned,perturbed,0.36,0.30,0.2,0.625,64,64,0,0,1.0,0.9433739770288436,1.0,4.0027027651667595,13.0934375
trot,tuned,perturbed,0.36,0.30,0.3,0.5,64,64,0,0,1.0,0.9433739770288436,1.0,4.0026730597019196,12.817812499999999
trot,tuned,perturbed,0.36,0.30,0.3,0.625,64,64,0,0,1.0,0.9433739770288436,1.0,4.003097325563431,13.1909375
trot,tuned,perturbed,0.36,0.30,0.4,0.5,64,64,0,0,1.0,0.9433739770288436,1.0,4.003000311553478,12.8190625
trot,tuned,perturbed,0.36,0.30,0.4,0.625,64,64,0,0,1.0,0.9433739770288436,1.0,4.002927638590336,13.1290625
trot,tuned,perturbed,0.36,0.30,0.5,0.5,64,64,0,0,1.0,0.9433739770288436,1.0,4.0032917484641075,12.816562500000002
trot,tuned,perturbed,0.36,0.30,0.5,0.625,64,64,0,0,1.0,0.9433739770288436,1.0,4.002870328724384,12.8284375
trot,tuned,perturbed,0.48,0.25,0.1,0.5,64,59,5,0,0.921875,0.8298024712135222,0.9661693219045645,3.9263972118496895,15.294062499999999
trot,tuned,perturbed,0.48,0.25,0.1,0.625,64,63,1,0,0.984375,0.9166570109970937,0.9972365292495986,3.98815631121397,15.338750000000001
trot,tuned,perturbed,0.48,0.25,0.1,0.75,64,64,0,0,1.0,0.9433739770288436,1.0,4.002526737749577,15.728124999999999
trot,tuned,perturbed,0.48,0.25,0.2,0.5,64,64,0,0,1.0,0.9433739770288436,1.0,4.002848856151104,15.638750000000002
trot,tuned,perturbed,0.48,0.25,0.2,0.625,64,64,0,0,1.0,0.9433739770288436,1.0,4.002583481371403,15.6434375
trot,tuned,perturbed,0.48,0.25,0.2,0.75,64,64,0,0,1.0,0.9433739770288436,1.0,4.0027021914720535,15.8646875
trot,tuned,perturbed,0.48,0.25,0.3,0.5,64,64,0,0,1.0,0.9433739770288436,1.0,4.002726532518864,15.7046875
trot,tuned,perturbed,0.48,0.25,0.3,0.625,64,64,0,0,1.0,0.9433739770288436,1.0,4.002208150923252,15.84125
trot,tuned,perturbed,0.48,0.25,0.3,0.75,64,64,0,0,1.0,0.9433739770288436,1.0,4.002600483596325,16.036250000000003
trot,tuned,perturbed,0.48,0.25,0.4,0.5,64,64,0,0,1.0,0.9433739770288436,1.0,4.003069795668125,15.6690625
trot,tuned,perturbed,0.48,0.25,0.4,0.625,64,64,0,0,1.0,0.9433739770288436,1.0,4.002762533724308,15.659062500000001
trot,tuned,perturbed,0.48,0.25,0.4,0.75,64,64,0,0,1.0,0.9433739770288436,1.0,4.002445854246616,15.91
trot,tuned,perturbed,0.48,0.25,0.5,0.5,64,64,0,0,1.0,0.9433739770288436,1.0,4.002698443830013,15.5334375
trot,tuned,perturbed,0.48,0.25,0.5,0.625,64,64,0,0,1.0,0.9433739770288436,1.0,4.0029753893613815,15.1721875
trot,tuned,perturbed,0.48,0.25,0.5,0.75,64,64,0,0,1.0,0.9433739770288436,1.0,4.002766311168671,15.648125
trot,tuned,perturbed,0.48,0.30,0.1,0.5,64,61,3,0,0.953125,0.8710013921145747,0.9839312745678148,3.9672728031873703,13.1203125
trot,tuned,perturbed,0.48,0.30,0.1,0.625,64,63,1,0,0.984375,0.9166570109970937,0.9972365292495986,3.99724517762661,13.02875
trot,tuned,perturbed,0.48,0.30,0.1,0.75,64,64,0,0,1.0,0.9433739770288436,1.0,4.0032263696193695,13.398437500000002
trot,tuned,perturbed,0.48,0.30,0.2,0.5,64,64,0,0,1.0,0.9433739770288436,1.0,4.0030234679579735,13.21625
trot,tuned,perturbed,0.48,0.30,0.2,0.625,64,64,0,0,1.0,0.9433739770288436,1.0,4.002991884946823,13.2034375
trot,tuned,perturbed,0.48,0.30,0.2,0.75,64,64,0,0,1.0,0.9433739770288436,1.0,4.002915360033512,13.4565625
trot,tuned,perturbed,0.48,0.30,0.3,0.5,64,64,0,0,1.0,0.9433739770288436,1.0,4.003088288009167,13.203125
trot,tuned,perturbed,0.48,0.30,0.3,0.625,64,64,0,0,1.0,0.9433739770288436,1.0,4.002844929695129,13.318125
trot,tuned,perturbed,0.48,0.30,0.3,0.75,64,64,0,0,1.0,0.9433739770288436,1.0,4.002831876277924,13.536249999999999
trot,tuned,perturbed,0.48,0.30,0.4,0.5,64,64,0,0,1.0,0.9433739770288436,1.0,4.0030777007341385,13.13875
trot,tuned,perturbed,0.48,0.30,0.4,0.625,64,64,0,0,1.0,0.9433739770288436,1.0,4.00266145914793,13.19125
trot,tuned,perturbed,0.48,0.30,0.4,0.75,64,64,0,0,1.0,0.9433739770288436,1.0,4.003111727535725,13.4221875
trot,tuned,perturbed,0.48,0.30,0.5,0.5,64,64,0,0,1.0,0.9433739770288436,1.0,4.00302842259407,13.0140625
trot,tuned,perturbed,0.48,0.30,0.5,0.625,64,64,0,0,1.0,0.9433739770288436,1.0,4.003290474414825,12.8296875
trot,tuned,perturbed,0.48,0.30,0.5,0.75,64,64,0,0,1.0,0.9433739770288436,1.0,4.003029070794582,13.2653125
trot,tuned,perturbed,0.48,0.35,0.1,0.5,64,63,1,0,0.984375,0.9166570109970937,0.9972365292495986,3.9953893423080444,11.4890625
trot,tuned,perturbed,0.48,0.35,0.1,0.625,64,64,0,0,1.0,0.9433739770288436,1.0,4.003217913210392,11.346562500000001
trot,tuned,perturbed,0.48,0.35,0.1,0.75,64,64,0,0,1.0,0.9433739770288436,1.0,4.003731623291969,11.6934375
trot,tuned,perturbed,0.48,0.35,0.2,0.5,64,64,0,0,1.0,0.9433739770288436,1.0,4.0038429126143456,11.4975
trot,tuned,perturbed,0.48,0.35,0.2,0.625,64,64,0,0,1.0,0.9433739770288436,1.0,4.003304533660412,11.453125
trot,tuned,perturbed,0.48,0.35,0.2,0.75,64,64,0,0,1.0,0.9433739770288436,1.0,4.0030456110835075,11.69375
trot,tuned,perturbed,0.48,0.35,0.3,0.5,64,64,0,0,1.0,0.9433739770288436,1.0,4.003549695014954,11.4434375
trot,tuned,perturbed,0.48,0.35,0.3,0.625,64,64,0,0,1.0,0.9433739770288436,1.0,4.004029326140881,11.52
trot,tuned,perturbed,0.48,0.35,0.3,0.75,64,64,0,0,1.0,0.9433739770288436,1.0,4.003282830119133,11.706875
trot,tuned,perturbed,0.48,0.35,0.4,0.5,64,64,0,0,1.0,0.9433739770288436,1.0,4.003205448389053,11.371875
trot,tuned,perturbed,0.48,0.35,0.4,0.625,64,64,0,0,1.0,0.9433739770288436,1.0,4.003520376980305,11.424062500000002
trot,tuned,perturbed,0.48,0.35,0.4,0.75,64,64,0,0,1.0,0.9433739770288436,1.0,4.004059016704559,11.6190625
trot,tuned,perturbed,0.48,0.35,0.5,0.5,64,64,0,0,1.0,0.9433739770288436,1.0,4.003511108458042,11.248437500000001
trot,tuned,perturbed,0.48,0.35,0.5,0.625,64,64,0,0,1.0,0.9433739770288436,1.0,4.0038586631417274,11.151250000000001
trot,tuned,perturbed,0.48,0.35,0.5,0.75,64,64,0,0,1.0,0.9433739770288436,1.0,4.003457427024841,11.53125
trot,tuned,perturbed,0.48,0.40,0.1,0.5,64,63,1,0,0.984375,0.9166570109970937,0.9972365292495986,4.001769378781319,10.210625
trot,tuned,perturbed,0.48,0.40,0.1,0.625,64,64,0,0,1.0,0.9433739770288436,1.0,4.004088886082172,10.044375
trot,tuned,perturbed,0.48,0.40,0.1,0.75,64,64,0,0,1.0,0.9433739770288436,1.0,4.004338748753071,10.397187500000001
trot,tuned,perturbed,0.48,0.40,0.2,0.5,64,64,0,0,1.0,0.9433739770288436,1.0,4.003902457654476,10.2046875
trot,tuned,perturbed,0.48,0.40,0.2,0.625,64,64,0,0,1.0,0.9433739770288436,1.0,4.004046618938446,10.11
trot,tuned,perturbed,0.48,0.40,0.2,0.75,64,64,0,0,1.0,0.9433739770288436,1.0,4.004150882363319,10.3509375
trot,tuned,perturbed,0.48,0.40,0.3,0.5,64,64,0,0,1.0,0.9433739770288436,1.0,4.003759860992432,10.129375
trot,tuned,perturbed,0.48,0.40,0.3,0.625,64,64,0,0,1.0,0.9433739770288436,1.0,4.004058010876179,10.1484375
trot,tuned,perturbed,0.48,0.40,0.3,0.75,64,64,0,0,1.0,0.9433739770288436,1.0,4.0040775164961815,10.3171875
trot,tuned,perturbed,0.48,0.40,0.4,0.5,64,64,0,0,1.0,0.9433739770288436,1.0,4.004186570644379,10.041250000000002
trot,tuned,perturbed,0.48,0.40,0.4,0.625,64,64,0,0,1.0,0.9433739770288436,1.0,4.003852888941765,10.0715625
trot,tuned,perturbed,0.48,0.40,0.4,0.75,64,64,0,0,1.0,0.9433739770288436,1.0,4.004389740526676,10.250625
trot,tuned,perturbed,0.48,0.40,0.5,0.5,64,64,0,0,1.0,0.9433739770288436,1.0,4.003810212016106,9.912812500000001
trot,tuned,perturbed,0.48,0.40,0.5,0.625,64,64,0,0,1.0,0.9433739770288436,1.0,4.00421891361475,9.860312500000001
trot,tuned,perturbed,0.48,0.40,0.5,0.75,64,64,0,0,1.0,0.9433739770288436,1.0,4.003759860992432,10.24125
trot,tuned,perturbed,0.54,0.30,0.1,0.5,64,56,8,0,0.875,0.7722521366978408,0.9352783460737919,3.896026499569416,13.1634375
trot,tuned,perturbed,0.54,0.30,0.1,0.625,64,61,3,0,0.953125,0.8710013921145747,0.9839312745678148,3.977373532950878,13.031875
trot,tuned,perturbed,0.54,0.30,0.1,0.75,64,63,1,0,0.984375,0.9166570109970937,0.9972365292495986,3.997053138911724,13.430625
trot,tuned,perturbed,0.54,0.30,0.2,0.5,64,64,0,0,1.0,0.9433739770288436,1.0,4.003496959805489,13.4628125
trot,tuned,perturbed,0.54,0.30,0.2,0.625,64,64,0,0,1.0,0.9433739770288436,1.0,4.002611570060253,13.173437499999999
trot,tuned,perturbed,0.54,0.30,0.2,0.75,64,64,0,0,1.0,0.9433739770288436,1.0,4.003089629113674,13.4840625
trot,tuned,perturbed,0.54,0.30,0.3,0.5,64,64,0,0,1.0,0.9433739770288436,1.0,4.003035359084606,13.4621875
trot,tuned,perturbed,0.54,0.30,0.3,0.625,64,64,0,0,1.0,0.9433739770288436,1.0,4.002970218658447,13.3040625
trot,tuned,perturbed,0.54,0.30,0.3,0.75,64,64,0,0,1.0,0.9433739770288436,1.0,4.00300195068121,13.559375000000001
trot,tuned,perturbed,0.54,0.30,0.4,0.5,64,64,0,0,1.0,0.9433739770288436,1.0,4.002770654857159,13.355
trot,tuned,perturbed,0.54,0.30,0.4,0.625,64,64,0,0,1.0,0.9433739770288436,1.0,4.002851814031601,13.21
trot,tuned,perturbed,0.54,0.30,0.4,0.75,64,64,0,0,1.0,0.9433739770288436,1.0,4.003117181360722,13.4365625
trot,tuned,perturbed,0.54,0.30,0.5,0.5,64,64,0,0,1.0,0.9433739770288436,1.0,4.003059841692448,13.024375
trot,tuned,perturbed,0.54,0.30,0.5,0.625,64,64,0,0,1.0,0.9433739770288436,1.0,4.003339350223541,12.8609375
trot,tuned,perturbed,0.54,0.30,0.5,0.75,64,64,0,0,1.0,0.9433739770288436,1.0,4.003250673413277,13.19625
walk,base,nominal,0.40,0.30,0.1,0.75,64,64,0,0,1.0,0.9433739770288436,1.0,4.002761386334896,13.2996875
walk,base,nominal,0.40,0.30,0.1,0.8,64,64,0,0,1.0,0.9433739770288436,1.0,4.002975955605507,13.1953125
walk,base,nominal,0.40,0.30,0.1,0.85,64,64,0,0,1.0,0.9433739770288436,1.0,4.003381885588169,12.856874999999999
walk,base,nominal,0.40,0.30,0.1,0.9,64,64,0,0,1.0,0.9433739770288436,1.0,4.003487579524517,13.0634375
walk,base,nominal,0.40,0.30,0.2,0.75,64,64,0,0,1.0,0.9433739770288436,1.0,4.003832049667835,13.314374999999998
walk,base,nominal,0.40,0.30,0.2,0.8,64,64,0,0,1.0,0.9433739770288436,1.0,4.00277741253376,13.3975
walk,base,nominal,0.40,0.30,0.2,0.85,64,64,0,0,1.0,0.9433739770288436,1.0,4.003841981291771,12.896250000000002
walk,base,nominal,0.40,0.30,0.2,0.9,64,64,0,0,1.0,0.9433739770288436,1.0,4.003507554531097,12.9228125
walk,base,nominal,0.40,0.30,0.3,0.75,64,64,0,0,1.0,0.9433739770288436,1.0,4.0032476261258125,13.2171875
walk,base,nominal,0.40,0.30,0.3,0.8,64,64,0,0,1.0,0.9433739770288436,1.0,4.0029871463775635,13.486875000000001
walk,base,nominal,0.40,0.30,0.3,0.85,64,64,0,0,1.0,0.9433739770288436,1.0,4.003282271325588,13.087499999999999
walk,base,nominal,0.40,0.30,0.3,0.9,64,64,0,0,1.0,0.9433739770288436,1.0,4.003757990896702,12.710625
walk,base,nominal,0.40,0.30,0.4,0.75,64,64,0,0,1.0,0.9433739770288436,1.0,4.004600860178471,13.1928125
walk,base,nominal,0.40,0.30,0.4,0.8,64,64,0,0,1.0,0.9433739770288436,1.0,4.001994147896767,13.414375
walk,base,nominal,0.40,0.30,0.4,0.85,64,64,0,0,1.0,0.9433739770288436,1.0,4.002180181443691,13.314999999999998
walk,base,nominal,0.40,0.30,0.4,0.9,64,64,0,0,1.0,0.9433739770288436,1.0,4.003146983683109,12.860625
walk,base,nominal,0.40,0.30,0.5,0.75,64,64,0,0,1.0,0.9433739770288436,1.0,4.0038015097379684,13.193750000000001
walk,base,nominal,0.40,0.30,0.5,0.8,64,64,0,0,1.0,0.9433739770288436,1.0,4.003408931195736,13.259687500000002
walk,base,nominal,0.40,0.30,0.5,0.85,64,64,0,0,1.0,0.9433739770288436,1.0,4.003070779144764,13.584374999999998
walk,base,nominal,0.40,0.30,0.5,0.9,64,64,0,0,1.0,0.9433739770288436,1.0,4.003198683261871,13.1921875
walk,base,nominal,0.48,0.25,0.1,0.75,64,64,0,0,1.0,0.9433739770288436,1.0,4.002697624266148,15.4059375
walk,base,nominal,0.48,0.25,0.1,0.8,64,64,0,0,1.0,0.9433739770288436,1.0,4.002685546875,15.2125
walk,base,nominal,0.48,0.25,0.1,0.85,64,64,0,0,1.0,0.9433739770288436,1.0,4.002518430352211,15.364374999999999
walk,base,nominal,0.48,0.25,0.1,0.9,64,64,0,0,1.0,0.9433739770288436,1.0,4.002903513610363,15.903750000000002
walk,base,nominal,0.48,0.25,0.2,0.75,64,64,0,0,1.0,0.9433739770288436,1.0,4.00210839509964,15.51875
walk,base,nominal,0.48,0.25,0.2,0.8,64,64,0,0,1.0,0.9433739770288436,1.0,4.00162260979414,15.458437500000002
walk,base,nominal,0.48,0.25,0.2,0.85,64,64,0,0,1.0,0.9433739770288436,1.0,4.002247452735901,15.4440625
walk,base,nominal,0.48,0.25,0.2,0.9,64,64,0,0,1.0,0.9433739770288436,1.0,4.0022623017430305,15.544375
walk,base,nominal,0.48,0.25,0.3,0.75,64,64,0,0,1.0,0.9433739770288436,1.0,4.0024125799536705,15.609687500000001
walk,base,nominal,0.48,0.25,0.3,0.8,64,64,0,0,1.0,0.9433739770288436,1.0,4.003107577562332,15.5746875
walk,base,nominal,0.48,0.25,0.3,0.85,64,64,0,0,1.0,0.9433739770288436,1.0,4.001919582486153,15.5159375
walk,base,nominal,0.48,0.25,0.3,0.9,64,64,0,0,1.0,0.9433739770288436,1.0,4.002032287418842,15.4384375
walk,base,nominal,0.48,0.25,0.4,0.75,64,64,0,0,1.0,0.9433739770288436,1.0,4.002468690276146,15.726249999999999
walk,base,nominal,0.48,0.25,0.4,0.8,64,64,0,0,1.0,0.9433739770288436,1.0,4.002514488995075,15.5253125
walk,base,nominal,0.48,0.25,0.4,0.85,64,64,0,0,1.0,0.9433739770288436,1.0,4.0033207312226295,15.588124999999998
walk,base,nominal,0.48,0.25,0.4,0.9,64,64,0,0,1.0,0.9433739770288436,1.0,4.00246387720108,15.653749999999999
walk,base,nominal,0.48,0.25,0.5,0.75,64,64,0,0,1.0,0.9433739770288436,1.0,4.002555534243584,15.685000000000002
walk,base,nominal,0.48,0.25,0.5,0.8,64,64,0,0,1.0,0.9433739770288436,1.0,4.003324061632156,15.514999999999997
walk,base,nominal,0.48,0.25,0.5,0.85,64,64,0,0,1.0,0.9433739770288436,1.0,4.002506494522095,15.89375
walk,base,nominal,0.48,0.25,0.5,0.9,64,64,0,0,1.0,0.9433739770288436,1.0,4.002602070569992,15.8834375
walk,base,nominal,0.48,0.30,0.1,0.75,64,64,0,0,1.0,0.9433739770288436,1.0,4.003402844071388,13.014374999999998
walk,base,nominal,0.48,0.30,0.1,0.8,64,64,0,0,1.0,0.9433739770288436,1.0,4.002056755125523,12.959062500000003
walk,base,nominal,0.48,0.30,0.1,0.85,64,64,0,0,1.0,0.9433739770288436,1.0,4.002483457326889,13.0440625
walk,base,nominal,0.48,0.30,0.1,0.9,64,64,0,0,1.0,0.9433739770288436,1.0,4.00406789034605,13.352812499999999
walk,base,nominal,0.48,0.30,0.2,0.75,64,64,0,0,1.0,0.9433739770288436,1.0,4.004025548696518,13.117500000000003
walk,base,nominal,0.48,0.30,0.2,0.8,64,64,0,0,1.0,0.9433739770288436,1.0,4.004042461514473,13.116250000000003
walk,base,nominal,0.48,0.30,0.2,0.85,64,64,0,0,1.0,0.9433739770288436,1.0,4.003308191895485,12.94625
walk,base,nominal,0.48,0.30,0.2,0.9,64,64,0,0,1.0,0.9433739770288436,1.0,4.002620056271553,13.1371875
walk,base,nominal,0.48,0.30,0.3,0.75,64,64,0,0,1.0,0.9433739770288436,1.0,4.001207195222378,13.236249999999998
walk,base,nominal,0.48,0.30,0.3,0.8,64,64,0,0,1.0,0.9433739770288436,1.0,4.003417670726776,13.1946875
walk,base,nominal,0.48,0.30,0.3,0.85,64,64,0,0,1.0,0.9433739770288436,1.0,4.003790766000748,13.135000000000002
walk,base,nominal,0.48,0.30,0.3,0.9,64,64,0,0,1.0,0.9433739770288436,1.0,4.003899127244949,13.131250000000001
walk,base,nominal,0.48,0.30,0.4,0.75,64,64,0,0,1.0,0.9433739770288436,1.0,4.002510026097298,13.26125
walk,base,nominal,0.48,0.30,0.4,0.8,64,64,0,0,1.0,0.9433739770288436,1.0,4.003229022026062,13.206875
walk,base,nominal,0.48,0.30,0.4,0.85,64,64,0,0,1.0,0.9433739770288436,1.0,4.004532262682915,13.37375
walk,base,nominal,0.48,0.30,0.4,0.9,64,64,0,0,1.0,0.9433739770288436,1.0,4.001490451395512,13.196250000000001
walk,base,nominal,0.48,0.30,0.5,0.75,64,64,0,0,1.0,0.9433739770288436,1.0,4.003286682069302,13.215625
walk,base,nominal,0.48,0.30,0.5,0.8,64,64,0,0,1.0,0.9433739770288436,1.0,4.001990184187889,13.178125000000001
walk,base,nominal,0.48,0.30,0.5,0.85,64,64,0,0,1.0,0.9433739770288436,1.0,4.0030263513326645,13.473750000000003
walk,base,nominal,0.48,0.30,0.5,0.9,64,64,0,0,1.0,0.9433739770288436,1.0,4.003565326333046,13.37375
walk,base,nominal,0.48,0.35,0.1,0.75,64,64,0,0,1.0,0.9433739770288436,1.0,4.004549413919449,11.3128125
walk,base,nominal,0.48,0.35,0.1,0.8,64,64,0,0,1.0,0.9433739770288436,1.0,4.002888634800911,11.2659375
walk,base,nominal,0.48,0.35,0.1,0.85,64,64,0,0,1.0,0.9433739770288436,1.0,4.002175509929657,11.2975
walk,base,nominal,0.48,0.35,0.1,0.9,64,64,0,0,1.0,0.9433739770288436,1.0,4.0035067573189735,11.488750000000001
walk,base,nominal,0.48,0.35,0.2,0.75,64,64,0,0,1.0,0.9433739770288436,1.0,4.004710711538792,11.376562499999999
walk,base,nominal,0.48,0.35,0.2,0.8,64,64,0,0,1.0,0.9433739770288436,1.0,4.004423946142197,11.37125
walk,base,nominal,0.48,0.35,0.2,0.85,64,64,0,0,1.0,0.9433739770288436,1.0,4.004559047520161,11.26125
walk,base,nominal,0.48,0.35,0.2,0.9,64,64,0,0,1.0,0.9433739770288436,1.0,4.003001436591148,11.435312499999998
walk,base,nominal,0.48,0.35,0.3,0.75,64,64,0,0,1.0,0.9433739770288436,1.0,4.002649173140526,11.476250000000002
walk,base,nominal,0.48,0.35,0.3,0.8,64,64,0,0,1.0,0.9433739770288436,1.0,4.003188602626324,11.45625
walk,base,nominal,0.48,0.35,0.3,0.85,64,64,0,0,1.0,0.9433739770288436,1.0,4.002438738942146,11.317812499999999
walk,base,nominal,0.48,0.35,0.3,0.9,64,64,0,0,1.0,0.9433739770288436,1.0,4.002713277935982,11.35375
walk,base,nominal,0.48,0.35,0.4,0.75,64,64,0,0,1.0,0.9433739770288436,1.0,4.004915073513985,11.475000000000001
walk,base,nominal,0.48,0.35,0.4,0.8,64,64,0,0,1.0,0.9433739770288436,1.0,4.004681400954723,11.49625
walk,base,nominal,0.48,0.35,0.4,0.85,64,64,0,0,1.0,0.9433739770288436,1.0,4.004420101642609,11.571874999999999
walk,base,nominal,0.48,0.35,0.4,0.9,64,64,0,0,1.0,0.9433739770288436,1.0,4.003563016653061,11.43375
walk,base,nominal,0.48,0.35,0.5,0.75,64,64,0,0,1.0,0.9433739770288436,1.0,4.003690786659718,11.456875
walk,base,nominal,0.48,0.35,0.5,0.8,64,64,0,0,1.0,0.9433739770288436,1.0,4.003294348716736,11.475000000000001
walk,base,nominal,0.48,0.35,0.5,0.85,64,64,0,0,1.0,0.9433739770288436,1.0,4.0020884573459625,11.615625000000001
walk,base,nominal,0.48,0.35,0.5,0.9,64,64,0,0,1.0,0.9433739770288436,1.0,4.005038559436798,11.593749999999998
walk,base,nominal,0.48,0.40,0.1,0.75,64,64,0,0,1.0,0.9433739770288436,1.0,4.003288187086582,10.0040625
walk,base,nominal,0.48,0.40,0.1,0.8,64,64,0,0,1.0,0.9433739770288436,1.0,4.006758838891983,10.05875
walk,base,nominal,0.48,0.40,0.1,0.85,64,64,0,0,1.0,0.9433739770288436,1.0,4.004281274974346,9.990000000000002
walk,base,nominal,0.48,0.40,0.1,0.9,64,64,0,0,1.0,0.9433739770288436,1.0,4.004471227526665,10.07875
walk,base,nominal,0.48,0.40,0.2,0.75,64,64,0,0,1.0,0.9433739770288436,1.0,4.001541696488857,10.079374999999999
walk,base,nominal,0.48,0.40,0.2,0.8,64,64,0,0,1.0,0.9433739770288436,1.0,4.005050353705883,10.057187500000001
walk,base,nominal,0.48,0.40,0.2,0.85,64,64,0,0,1.0,0.9433739770288436,1.0,4.00529632717371,9.9921875
walk,base,nominal,0.48,0.40,0.2,0.9,64,64,0,0,1.0,0.9433739770288436,1.0,4.003925666213036,10.044375000000002
walk,base,nominal,0.48,0.40,0.3,0.75,64,64,0,0,1.0,0.9433739770288436,1.0,4.003142684698105,10.145
walk,base,nominal,0.48,0.40,0.3,0.8,64,64,0,0,1.0,0.9433739770288436,1.0,4.0013773664832115,10.13625
walk,base,nominal,0.48,0.40,0.3,0.85,64,64,0,0,1.0,0.9433739770288436,1.0,4.002501860260963,10.01625
walk,base,nominal,0.48,0.40,0.3,0.9,64,64,0,0,1.0,0.9433739770288436,1.0,4.004093192517757,10.07375
walk,base,nominal,0.48,0.40,0.4,0.75,64,64,0,0,1.0,0.9433739770288436,1.0,4.005348652601242,10.15625
walk,base,nominal,0.48,0.40,0.4,0.8,64,64,0,0,1.0,0.9433739770288436,1.0,4.00278877466917,10.15625
walk,base,nominal,0.48,0.40,0.4,0.85,64,64,0,0,1.0,0.9433739770288436,1.0,4.006348267197609,10.115625000000001
walk,base,nominal,0.48,0.40,0.4,0.9,64,64,0,0,1.0,0.9433739770288436,1.0,4.002171874046326,10.119687500000001
walk,base,nominal,0.48,0.40,0.5,0.75,64,64,0,0,1.0,0.9433739770288436,1.0,4.005607634782791,10.1571875
walk,base,nominal,0.48,0.40,0.5,0.8,64,64,0,0,1.0,0.9433739770288436,1.0,4.006232433021069,10.15625
walk,base,nominal,0.48,0.40,0.5,0.85,64,64,0,0,1.0,0.9433739770288436,1.0,4.004237167537212,10.235
walk,base,nominal,0.48,0.40,0.5,0.9,64,64,0,0,1.0,0.9433739770288436,1.0,4.006341218948364,10.232187499999998
walk,base,nominal,0.54,0.30,0.1,0.75,64,64,0,0,1.0,0.9433739770288436,1.0,4.003340996801853,13.2590625
walk,base,nominal,0.54,0.30,0.1,0.8,64,64,0,0,1.0,0.9433739770288436,1.0,4.0028800293803215,13.3675
walk,base,nominal,0.54,0.30,0.1,0.85,64,64,0,0,1.0,0.9433739770288436,1.0,4.004272498190403,13.275937500000001
walk,base,nominal,0.54,0.30,0.1,0.9,64,64,0,0,1.0,0.9433739770288436,1.0,4.0038028582930565,13.421875
walk,base,nominal,0.54,0.30,0.2,0.75,64,64,0,0,1.0,0.9433739770288436,1.0,4.004190593957901,13.2571875
walk,base,nominal,0.54,0.30,0.2,0.8,64,64,0,0,1.0,0.9433739770288436,1.0,4.0027816742658615,13.458125000000003
walk,base,nominal,0.54,0.30,0.2,0.85,64,64,0,0,1.0,0.9433739770288436,1.0,4.003885671496391,13.2740625
walk,base,nominal,0.54,0.30,0.2,0.9,64,64,0,0,1.0,0.9433739770288436,1.0,4.004424139857292,13.2925
walk,base,nominal,0.54,0.30,0.3,0.75,64,64,0,0,1.0,0.9433739770288436,1.0,4.0038904175162315,13.334687500000001
walk,base,nominal,0.54,0.30,0.3,0.8,64,64,0,0,1.0,0.9433739770288436,1.0,4.003324531018734,13.515625
walk,base,nominal,0.54,0.30,0.3,0.85,64,64,0,0,1.0,0.9433739770288436,1.0,4.002008035778999,13.275937500000001
walk,base,nominal,0.54,0.30,0.3,0.9,64,64,0,0,1.0,0.9433739770288436,1.0,4.002289406955242,13.2925
walk,base,nominal,0.54,0.30,0.4,0.75,64,64,0,0,1.0,0.9433739770288436,1.0,4.002483397722244,13.4965625
walk,base,nominal,0.54,0.30,0.4,0.8,64,64,0,0,1.0,0.9433739770288436,1.0,4.003141894936562,13.476562500000004
walk,base,nominal,0.54,0.30,0.4,0.85,64,64,0,0,1.0,0.9433739770288436,1.0,4.003087304532528,13.314375
walk,base,nominal,0.54,0.30,0.4,0.9,64,64,0,0,1.0,0.9433739770288436,1.0,4.0044339671730995,13.452500000000004
walk,base,nominal,0.54,0.30,0.5,0.75,64,64,0,0,1.0,0.9433739770288436,1.0,4.0028045028448105,13.5853125
walk,base,nominal,0.54,0.30,0.5,0.8,64,64,0,0,1.0,0.9433739770288436,1.0,4.002694070339203,13.412500000000001
walk,base,nominal,0.54,0.30,0.5,0.85,64,64,0,0,1.0,0.9433739770288436,1.0,4.001787379384041,13.3596875
walk,base,nominal,0.54,0.30,0.5,0.9,64,64,0,0,1.0,0.9433739770288436,1.0,4.003763347864151,13.606875000000002
walk,base,perturbed,0.40,0.30,0.1,0.75,64,2,62,0,0.03125,0.00861195771251659,0.10697493882294247,2.6540850214660168,9.018125000000001
walk,base,perturbed,0.40,0.30,0.1,0.8,64,10,54,0,0.15625,0.08714748876961673,0.26428290202305327,2.9799817837774754,10.393125000000001
walk,base,perturbed,0.40,0.30,0.1,0.85,64,7,57,0,0.109375,0.054000447526830544,0.20898863291938535,2.846615681424737,9.769375
walk,base,perturbed,0.40,0.30,0.1,0.9,64,2,62,0,0.03125,0.00861195771251659,0.10697493882294247,2.2955687679350376,7.6809375
walk,base,perturbed,0.40,0.30,0.2,0.75,64,57,7,0,0.890625,0.7910113670806147,0.9459995524731695,3.9646079167723656,13.2821875
walk,base,perturbed,0.40,0.30,0.2,0.8,64,60,4,0,0.9375,0.8500230335750312,0.9754291963252071,3.9875036776065826,13.602187500000001
walk,base,perturbed,0.40,0.30,0.2,0.85,64,63,1,0,0.984375,0.9166570109970937,0.9972365292495986,3.9989504739642143,13.2571875
walk,base,perturbed,0.40,0.30,0.2,0.9,64,59,5,0,0.921875,0.8298024712135222,0.9661693219045645,3.9648223593831062,12.890625
walk,base,perturbed,0.40,0.30,0.3,0.75,64,64,0,0,1.0,0.9433739770288436,1.0,4.003366246819496,13.388750000000002
walk,base,perturbed,0.40,0.30,0.3,0.8,64,64,0,0,1.0,0.9433739770288436,1.0,4.003285713493824,13.584375
walk,base,perturbed,0.40,0.30,0.3,0.85,64,64,0,0,1.0,0.9433739770288436,1.0,4.0031339675188065,13.2459375
walk,base,perturbed,0.40,0.30,0.3,0.9,64,64,0,0,1.0,0.9433739770288436,1.0,4.003444649279118,12.836875
walk,base,perturbed,0.40,0.30,0.4,0.75,64,64,0,0,1.0,0.9433739770288436,1.0,4.0031935423612595,13.2971875
walk,base,perturbed,0.40,0.30,0.4,0.8,64,64,0,0,1.0,0.9433739770288436,1.0,4.002987451851368,13.4059375
walk,base,perturbed,0.40,0.30,0.4,0.85,64,64,0,0,1.0,0.9433739770288436,1.0,4.0030747428536415,13.325624999999999
walk,base,perturbed,0.40,0.30,0.4,0.9,64,64,0,0,1.0,0.9433739770288436,1.0,4.003059051930904,12.8915625
walk,base,perturbed,0.40,0.30,0.5,0.75,64,64,0,0,1.0,0.9433739770288436,1.0,4.003357917070389,13.2184375
walk,base,perturbed,0.40,0.30,0.5,0.8,64,64,0,0,1.0,0.9433739770288436,1.0,4.003186799585819,13.331875
walk,base,perturbed,0.40,0.30,0.5,0.85,64,64,0,0,1.0,0.9433739770288436,1.0,4.003081850707531,13.45625
walk,base,perturbed,0.40,0.30,0.5,0.9,64,64,0,0,1.0,0.9433739770288436,1.0,4.003106109797955,13.1084375
walk,base,perturbed,0.48,0.30,0.1,0.75,64,1,63,0,0.015625,0.0027634707504014047,0.08334298900290629,2.4497357234358788,8.47625
walk,base,perturbed,0.48,0.30,0.1,0.8,64,6,58,0,0.09375,0.04367765783128784,0.1898309858327767,2.7830278370529413,9.72875
walk,base,perturbed,0.48,0.30,0.1,0.85,64,5,59,0,0.078125,0.03383067809543547,0.1701975287864777,2.9240117967128754,10.028749999999999
walk,base,perturbed,0.48,0.30,0.1,0.9,64,3,61,0,0.046875,0.016068725432185196,0.12899860788542522,2.8040174450725317,9.6328125
walk,base,perturbed,0.48,0.30,0.2,0.75,64,61,3,0,0.953125,0.8710013921145747,0.9839312745678148,3.9889738857746124,13.375625
walk,base,perturbed,0.48,0.30,0.2,0.8,64,63,1,0,0.984375,0.9166570109970937,0.9972365292495986,4.0025962591171265,13.357812500000001
walk,base,perturbed,0.48,0.30,0.2,0.85,64,64,0,0,1.0,0.9433739770288436,1.0,4.002580285072327,13.190000000000001
walk,base,perturbed,0.48,0.30,0.2,0.9,64,64,0,0,1.0,0.9433739770288436,1.0,4.002982780337334,13.188749999999999
walk,base,perturbed,0.48,0.30,0.3,0.75,64,64,0,0,1.0,0.9433739770288436,1.0,4.00307048112154,13.393437500000001
walk,base,perturbed,0.48,0.30,0.3,0.8,64,64,0,0,1.0,0.9433739770288436,1.0,4.0030465722084045,13.302500000000002
walk,base,perturbed,0.48,0.30,0.3,0.85,64,64,0,0,1.0,0.9433739770288436,1.0,4.0028417110443115,13.177500000000002
walk,base,perturbed,0.48,0.30,0.3,0.9,64,64,0,0,1.0,0.9433739770288436,1.0,4.003179378807545,13.091250000000002
walk,base,perturbed,0.48,0.30,0.4,0.75,64,64,0,0,1.0,0.9433739770288436,1.0,4.002996891736984,13.39125
walk,base,perturbed,0.48,0.30,0.4,0.8,64,64,0,0,1.0,0.9433739770288436,1.0,4.003474362194538,13.2809375
walk,base,perturbed,0.48,0.30,0.4,0.85,64,64,0,0,1.0,0.9433739770288436,1.0,4.003025703132153,13.2965625
walk,base,perturbed,0.48,0.30,0.4,0.9,64,64,0,0,1.0,0.9433739770288436,1.0,4.002796858549118,13.16
walk,base,perturbed,0.48,0.30,0.5,0.75,64,64,0,0,1.0,0.9433739770288436,1.0,4.003172010183334,13.364375
walk,base,perturbed,0.48,0.30,0.5,0.8,64,64,0,0,1.0,0.9433739770288436,1.0,4.002924561500549,13.23375
walk,base,perturbed,0.48,0.30,0.5,0.85,64,64,0,0,1.0,0.9433739770288436,1.0,4.003432527184486,13.3965625
walk,base,perturbed,0.48,0.30,0.5,0.9,64,64,0,0,1.0,0.9433739770288436,1.0,4.003449492156506,13.3159375
