gait,speed,period,step_width,command_df,trials,energy_valid_rate,energy_condition_valid,positive_mechanical_cot_median,positive_mechanical_cot_median_all,periodic_rate,compliance_rate
trot,0.25,0.36,0.1,0.5,32,0.0,0,,0.22898627341934738,1.0,0.0
trot,0.25,0.36,0.1,0.625,32,1.0,1,0.24727971503447266,0.24727971503447266,1.0,1.0
trot,0.25,0.36,0.2,0.5,32,0.0,0,,0.2219722090381458,1.0,0.0
trot,0.25,0.36,0.2,0.625,32,1.0,1,0.2596632085669145,0.2596632085669145,1.0,1.0
trot,0.25,0.36,0.3,0.5,32,0.0,0,,0.2715747423793006,1.0,0.0
trot,0.25,0.36,0.3,0.625,32,1.0,1,0.266373015254149,0.266373015254149,1.0,1.0
trot,0.25,0.36,0.4,0.5,32,0.0,0,,0.3153391245819064,1.0,0.0
trot,0.25,0.36,0.4,0.625,32,1.0,1,0.29021637588028815,0.29021637588028815,1.0,1.0
trot,0.25,0.36,0.5,0.5,32,0.0,0,,0.3435813541973632,0.6875,0.0
trot,0.25,0.36,0.5,0.625,32,1.0,1,0.32790952223157493,0.32790952223157493,1.0,1.0
trot,0.25,0.4,0.1,0.5,32,0.0,0,,0.21000866123798617,1.0,0.0
trot,0.25,0.4,0.1,0.625,32,1.0,1,0.23722963258647814,0.23722963258647814,1.0,1.0
trot,0.25,0.4,0.1,0.75,32,1.0,1,0.310479020691358,0.310479020691358,1.0,1.0
trot,0.25,0.4,0.2,0.5,32,0.0,0,,0.21058054151449487,1.0,0.0
trot,0.25,0.4,0.2,0.625,32,1.0,1,0.2408721834829841,0.2408721834829841,1.0,1.0
trot,0.25,0.4,0.2,0.75,32,1.0,1,0.311539954231923,0.311539954231923,1.0,1.0
trot,0.25,0.4,0.3,0.5,32,0.0,0,,0.21278198987618277,1.0,0.0
trot,0.25,0.4,0.3,0.625,32,1.0,1,0.25533353471325737,0.25533353471325737,1.0,1.0
trot,0.25,0.4,0.3,0.75,32,1.0,1,0.3314927092790547,0.3314927092790547,1.0,1.0
trot,0.25,0.4,0.4,0.5,32,0.0,0,,0.26349012607979455,0.875,0.0
trot,0.25,0.4,0.4,0.625,32,1.0,1,0.27764355077026925,0.27764355077026925,1.0,1.0
trot,0.25,0.4,0.4,0.75,32,1.0,1,0.3541526362938044,0.3541526362938044,1.0,1.0
trot,0.25,0.4,0.5,0.5,32,0.0,0,,0.33728939587463225,0.03125,0.0
trot,0.25,0.4,0.5,0.625,32,1.0,1,0.308004341024233,0.308004341024233,1.0,1.0
trot,0.25,0.4,0.5,0.75,32,1.0,1,0.38578582954840146,0.38578582954840146,1.0,1.0
trot,0.25,0.48,0.1,0.5,32,0.0,0,,0.1807921673486284,0.0,0.0
trot,0.25,0.48,0.1,0.625,32,1.0,1,0.2105792367676445,0.2105792367676445,1.0,1.0
trot,0.25,0.48,0.1,0.75,32,1.0,1,0.33287108932462983,0.33287108932462983,1.0,1.0
trot,0.25,0.48,0.2,0.5,32,1.0,1,0.19327613829496,0.19327613829496,1.0,1.0
trot,0.25,0.48,0.2,0.625,32,1.0,1,0.2249704349666861,0.2249704349666861,1.0,1.0
trot,0.25,0.48,0.2,0.75,32,1.0,1,0.33530057287991477,0.33530057287991477,1.0,1.0
trot,0.25,0.48,0.3,0.5,32,1.0,1,0.21909727685929434,0.21909727685929434,1.0,1.0
trot,0.25,0.48,0.3,0.625,32,1.0,1,0.2504902165171466,0.2504902165171466,1.0,1.0
trot,0.25,0.48,0.3,0.75,32,1.0,1,0.3350654328482743,0.3350654328482743,1.0,1.0
trot,0.25,0.48,0.4,0.5,32,1.0,1,0.26131845160825734,0.26131845160825734,1.0,1.0
trot,0.25,0.48,0.4,0.625,32,1.0,1,0.2689747431436592,0.2689747431436592,1.0,1.0
trot,0.25,0.48,0.4,0.75,32,1.0,1,0.353838693116349,0.353838693116349,1.0,1.0
trot,0.25,0.48,0.5,0.5,32,0.40625,0,,0.3057532668306854,1.0,0.40625
trot,0.25,0.48,0.5,0.625,32,1.0,1,0.2940961653891052,0.2940961653891052,1.0,1.0
trot,0.25,0.48,0.5,0.75,32,1.0,1,0.3776338677025626,0.3776338677025626,1.0,1.0
trot,0.25,0.54,0.1,0.5,32,0.0,0,,0.16303676401631934,0.0,0.0
trot,0.25,0.54,0.1,0.625,32,1.0,1,0.23111527932614204,0.23111527932614204,1.0,1.0
trot,0.25,0.54,0.1,0.75,32,1.0,1,0.35933909813223874,0.35933909813223874,1.0,1.0
trot,0.25,0.54,0.2,0.5,32,0.0,0,,0.17425044176890297,0.625,0.0
trot,0.25,0.54,0.2,0.625,32,1.0,1,0.24161021131142535,0.24161021131142535,1.0,1.0
trot,0.25,0.54,0.2,0.75,32,1.0,1,0.35984642778171283,0.35984642778171283,1.0,1.0
trot,0.25,0.54,0.3,0.5,32,0.0,0,,0.2160020467069072,0.625,0.0
trot,0.25,0.54,0.3,0.625,32,1.0,1,0.2524347523954508,0.2524347523954508,1.0,1.0
trot,0.25,0.54,0.3,0.75,32,1.0,1,0.36471948227329687,0.36471948227329687,1.0,1.0
trot,0.25,0.54,0.4,0.5,32,0.0,0,,0.2575788617339953,0.5625,0.0
trot,0.25,0.54,0.4,0.625,32,1.0,1,0.2747229239292973,0.2747229239292973,1.0,1.0
trot,0.25,0.54,0.4,0.75,32,1.0,1,0.377688492053604,0.377688492053604,1.0,1.0
trot,0.25,0.54,0.5,0.5,32,0.0,0,,0.29881145990684665,0.1875,0.0
trot,0.25,0.54,0.5,0.625,32,1.0,1,0.298421380649124,0.298421380649124,1.0,1.0
trot,0.25,0.54,0.5,0.75,32,1.0,1,0.38647046403312,0.38647046403312,1.0,1.0
trot,0.3,0.36,0.1,0.5,32,0.0,0,,0.20365562951371802,1.0,0.0
trot,0.3,0.36,0.1,0.625,32,1.0,1,0.22917178840472124,0.22917178840472124,1.0,1.0
trot,0.3,0.36,0.2,0.5,32,0.0,0,,0.20565105151872182,1.0,0.0
trot,0.3,0.36,0.2,0.625,32,1.0,1,0.24404818260960565,0.24404818260960565,1.0,1.0
trot,0.3,0.36,0.3,0.5,32,0.0,0,,0.2433761994342286,1.0,0.0
trot,0.3,0.36,0.3,0.625,32,1.0,1,0.24852882268714827,0.24852882268714827,1.0,1.0
trot,0.3,0.36,0.4,0.5,32,0.0,0,,0.28895930929960867,1.0,0.0
trot,0.3,0.36,0.4,0.625,32,1.0,1,0.2684675946750299,0.2684675946750299,1.0,1.0
trot,0.3,0.36,0.5,0.5,32,0.0,0,,0.30264151719684756,0.40625,0.0
trot,0.3,0.36,0.5,0.625,32,1.0,1,0.3029500046247259,0.3029500046247259,1.0,1.0
trot,0.3,0.4,0.1,0.5,32,0.0,0,,0.19114786284446203,1.0,0.0
trot,0.3,0.4,0.1,0.625,32,1.0,1,0.22258939113438025,0.22258939113438025,1.0,1.0
trot,0.3,0.4,0.1,0.75,32,1.0,1,0.29476633172186906,0.29476633172186906,1.0,1.0
trot,0.3,0.4,0.2,0.5,32,0.0,0,,0.19683142139684348,1.0,0.0
trot,0.3,0.4,0.2,0.625,32,1.0,1,0.22699621291384642,0.22699621291384642,1.0,1.0
trot,0.3,0.4,0.2,0.75,32,1.0,1,0.29830840633940686,0.29830840633940686,1.0,1.0
trot,0.3,0.4,0.3,0.5,32,0.0,0,,0.20399001962773458,1.0,0.0
trot,0.3,0.4,0.3,0.625,32,1.0,1,0.23524447021745462,0.23524447021745462,1.0,1.0
trot,0.3,0.4,0.3,0.75,32,1.0,1,0.30438591371911633,0.30438591371911633,1.0,1.0
trot,0.3,0.4,0.4,0.5,32,0.0,0,,0.2378145288014903,1.0,0.0
trot,0.3,0.4,0.4,0.625,32,1.0,1,0.25449038397343776,0.25449038397343776,1.0,1.0
trot,0.3,0.4,0.4,0.75,32,1.0,1,0.3224048417807422,0.3224048417807422,1.0,1.0
trot,0.3,0.4,0.5,0.5,32,0.0,0,,0.29250794332727714,0.90625,0.0
trot,0.3,0.4,0.5,0.625,32,1.0,1,0.28217583563441156,0.28217583563441156,1.0,1.0
trot,0.3,0.4,0.5,0.75,32,1.0,1,0.35742270312871527,0.35742270312871527,1.0,1.0
trot,0.3,0.48,0.1,0.5,32,0.0,0,,0.16518625008167592,0.0,0.03125
trot,0.3,0.48,0.1,0.625,32,1.0,1,0.2007335155192232,0.2007335155192232,1.0,1.0
trot,0.3,0.48,0.1,0.75,32,1.0,1,0.3137914333706069,0.3137914333706069,1.0,1.0
trot,0.3,0.48,0.2,0.5,32,1.0,1,0.18364444986125544,0.18364444986125544,1.0,1.0
trot,0.3,0.48,0.2,0.625,32,1.0,1,0.21462658228282516,0.21462658228282516,1.0,1.0
trot,0.3,0.48,0.2,0.75,32,1.0,1,0.3153175597917372,0.3153175597917372,1.0,1.0
trot,0.3,0.48,0.3,0.5,32,1.0,1,0.19668016535009802,0.19668016535009802,1.0,1.0
trot,0.3,0.48,0.3,0.625,32,1.0,1,0.22845616484542158,0.22845616484542158,1.0,1.0
trot,0.3,0.48,0.3,0.75,32,1.0,1,0.31515208318875465,0.31515208318875465,1.0,1.0
trot,0.3,0.48,0.4,0.5,32,1.0,1,0.24013508122696758,0.24013508122696758,1.0,1.0
trot,0.3,0.48,0.4,0.625,32,1.0,1,0.24632517835751655,0.24632517835751655,1.0,1.0
trot,0.3,0.48,0.4,0.75,32,1.0,1,0.33124655549026627,0.33124655549026627,1.0,1.0
trot,0.3,0.48,0.5,0.5,32,0.9375,1,0.2828273284171855,0.28266204356956515,0.9375,1.0
trot,0.3,0.48,0.5,0.625,32,1.0,1,0.2703481578358166,0.2703481578358166,1.0,1.0
trot,0.3,0.48,0.5,0.75,32,1.0,1,0.3471718482358184,0.3471718482358184,1.0,1.0
trot,0.3,0.54,0.1,0.5,32,0.0,0,,0.1546285240192593,0.0,0.0
trot,0.3,0.54,0.1,0.625,32,1.0,1,0.21391286658024966,0.21391286658024966,1.0,1.0
trot,0.3,0.54,0.1,0.75,32,1.0,1,0.3430848294904165,0.3430848294904165,1.0,1.0
trot,0.3,0.54,0.2,0.5,32,0.0,0,,0.17989388601335357,0.875,0.0
trot,0.3,0.54,0.2,0.625,32,1.0,1,0.2291524914368876,0.2291524914368876,1.0,1.0
trot,0.3,0.54,0.2,0.75,32,1.0,1,0.34502142924332024,0.34502142924332024,1.0,1.0
trot,0.3,0.54,0.3,0.5,32,0.0,0,,0.2062121723959438,1.0,0.0
trot,0.3,0.54,0.3,0.625,32,1.0,1,0.23454365928858045,0.23454365928858045,1.0,1.0
trot,0.3,0.54,0.3,0.75,32,1.0,1,0.3430010571496184,0.3430010571496184,1.0,1.0
trot,0.3,0.54,0.4,0.5,32,0.0,0,,0.23359228721484276,0.5,0.0
trot,0.3,0.54,0.4,0.625,32,1.0,1,0.25277090689103854,0.25277090689103854,1.0,1.0
trot,0.3,0.54,0.4,0.75,32,1.0,1,0.35028875732176434,0.35028875732176434,1.0,1.0
trot,0.3,0.54,0.5,0.5,32,0.0,0,,0.264606525203021,0.03125,0.0
trot,0.3,0.54,0.5,0.625,32,1.0,1,0.27784708281848247,0.27784708281848247,1.0,1.0
trot,0.3,0.54,0.5,0.75,32,1.0,1,0.3569335807320687,0.3569335807320687,1.0,1.0
trot,0.35,0.36,0.1,0.5,32,0.0,0,,0.18504889432557567,1.0,0.0
trot,0.35,0.36,0.1,0.625,32,1.0,1,0.22581971456176392,0.22581971456176392,1.0,1.0
trot,0.35,0.36,0.2,0.5,32,0.0,0,,0.2034464016797094,1.0,0.0
trot,0.35,0.36,0.2,0.625,32,1.0,1,0.23231771067617935,0.23231771067617935,1.0,1.0
trot,0.35,0.36,0.3,0.5,32,0.0,0,,0.22095895064302104,1.0,0.0
trot,0.35,0.36,0.3,0.625,32,1.0,1,0.24071348021283973,0.24071348021283973,1.0,1.0
trot,0.35,0.36,0.4,0.5,32,0.0,0,,0.25076326241061386,1.0,0.0
trot,0.35,0.36,0.4,0.625,32,1.0,1,0.25540612712234145,0.25540612712234145,1.0,1.0
trot,0.35,0.36,0.5,0.5,32,0.0,0,,0.2827382251157692,1.0,0.0
trot,0.35,0.36,0.5,0.625,32,1.0,1,0.28219635326594117,0.28219635326594117,1.0,1.0
trot,0.35,0.4,0.1,0.5,32,0.0,0,,0.17467124107317772,0.0,0.0
trot,0.35,0.4,0.1,0.625,32,1.0,1,0.22138438465180155,0.22138438465180155,1.0,1.0
trot,0.35,0.4,0.1,0.75,32,1.0,1,0.2848118876374802,0.2848118876374802,1.0,1.0
trot,0.35,0.4,0.2,0.5,32,0.0,0,,0.18642378253007105,1.0,0.0
trot,0.35,0.4,0.2,0.625,32,1.0,1,0.22074846730606595,0.22074846730606595,1.0,1.0
trot,0.35,0.4,0.2,0.75,32,1.0,1,0.2837617392387606,0.2837617392387606,1.0,1.0
trot,0.35,0.4,0.3,0.5,32,0.0,0,,0.20148489416933996,1.0,0.0
trot,0.35,0.4,0.3,0.625,32,1.0,1,0.2265731987372555,0.2265731987372555,1.0,1.0
trot,0.35,0.4,0.3,0.75,32,1.0,1,0.2884894131937283,0.2884894131937283,1.0,1.0
trot,0.35,0.4,0.4,0.5,32,0.0,0,,0.22074526603497613,1.0,0.0
trot,0.35,0.4,0.4,0.625,32,1.0,1,0.24547887463530638,0.24547887463530638,1.0,1.0
trot,0.35,0.4,0.4,0.75,32,1.0,1,0.30852942845962533,0.30852942845962533,1.0,1.0
trot,0.35,0.4,0.5,0.5,32,0.0,0,,0.2785853779889416,1.0,0.0
trot,0.35,0.4,0.5,0.625,32,1.0,1,0.2691987356019954,0.2691987356019954,1.0,1.0
trot,0.35,0.4,0.5,0.75,32,1.0,1,0.33797808516536604,0.33797808516536604,1.0,1.0
trot,0.35,0.48,0.1,0.5,32,0.0,0,,0.1605248429992493,0.0,0.0
trot,0.35,0.48,0.1,0.625,32,1.0,1,0.19687748208282463,0.19687748208282463,1.0,1.0
trot,0.35,0.48,0.1,0.75,32,1.0,1,0.3040989380046225,0.3040989380046225,1.0,1.0
trot,0.35,0.48,0.2,0.5,32,1.0,1,0.17494147901335907,0.17494147901335907,1.0,1.0
trot,0.35,0.48,0.2,0.625,32,1.0,1,0.20600523275242505,0.20600523275242505,1.0,1.0
trot,0.35,0.48,0.2,0.75,32,1.0,1,0.3039000666761916,0.3039000666761916,1.0,1.0
trot,0.35,0.48,0.3,0.5,32,1.0,1,0.18778071777901273,0.18778071777901273,1.0,1.0
trot,0.35,0.48,0.3,0.625,32,1.0,1,0.21811392415396466,0.21811392415396466,1.0,1.0
trot,0.35,0.48,0.3,0.75,32,1.0,1,0.30343996960121644,0.30343996960121644,1.0,1.0
trot,0.35,0.48,0.4,0.5,32,1.0,1,0.2254318442809603,0.2254318442809603,1.0,1.0
trot,0.35,0.48,0.4,0.625,32,1.0,1,0.23821214882621572,0.23821214882621572,1.0,1.0
trot,0.35,0.48,0.4,0.75,32,1.0,1,0.31620812163238354,0.31620812163238354,1.0,1.0
trot,0.35,0.48,0.5,0.5,32,1.0,1,0.26528713047274266,0.26528713047274266,1.0,1.0
trot,0.35,0.48,0.5,0.625,32,1.0,1,0.25469729407771735,0.25469729407771735,1.0,1.0
trot,0.35,0.48,0.5,0.75,32,1.0,1,0.32751586862391485,0.32751586862391485,1.0,1.0
trot,0.35,0.54,0.1,0.5,32,0.0,0,,0.15610172936197236,0.65625,0.0
trot,0.35,0.54,0.1,0.625,32,1.0,1,0.2096729076058531,0.2096729076058531,1.0,1.0
trot,0.35,0.54,0.1,0.75,32,1.0,1,0.33018400150101723,0.33018400150101723,1.0,1.0
trot,0.35,0.54,0.2,0.5,32,0.0,0,,0.17371889896289205,1.0,0.0
trot,0.35,0.54,0.2,0.625,32,1.0,1,0.22135438221030407,0.22135438221030407,1.0,1.0
trot,0.35,0.54,0.2,0.75,32,1.0,1,0.3352865440233236,0.3352865440233236,1.0,1.0
trot,0.35,0.54,0.3,0.5,32,0.0,0,,0.19908436623664613,1.0,0.0
trot,0.35,0.54,0.3,0.625,32,1.0,1,0.2254093899256198,0.2254093899256198,1.0,1.0
trot,0.35,0.54,0.3,0.75,32,1.0,1,0.3378173823142874,0.3378173823142874,1.0,1.0
trot,0.35,0.54,0.4,0.5,32,0.0,0,,0.22296994775386533,0.15625,0.0
trot,0.35,0.54,0.4,0.625,32,1.0,1,0.24339408367382095,0.24339408367382095,1.0,1.0
trot,0.35,0.54,0.4,0.75,32,1.0,1,0.3358168771126327,0.3358168771126327,1.0,1.0
trot,0.35,0.54,0.5,0.5,32,0.0,0,,0.2612272363233925,0.8125,0.0
trot,0.35,0.54,0.5,0.625,32,0.96875,1,0.26540631263347925,0.26541236500072773,0.96875,1.0
trot,0.35,0.54,0.5,0.75,32,1.0,1,0.33699546833633043,0.33699546833633043,1.0,1.0
trot,0.4,0.36,0.1,0.5,32,0.0,0,,0.17890848350689947,1.0,0.0
trot,0.4,0.36,0.1,0.625,32,1.0,1,0.22622037314937132,0.22622037314937132,1.0,1.0
trot,0.4,0.36,0.2,0.5,32,0.0,0,,0.1871921220419714,1.0,0.0
trot,0.4,0.36,0.2,0.625,32,1.0,1,0.22721686309643396,0.22721686309643396,1.0,1.0
trot,0.4,0.36,0.3,0.5,32,0.0,0,,0.20036339796623293,1.0,0.0
trot,0.4,0.36,0.3,0.625,32,1.0,1,0.2315143019505208,0.2315143019505208,1.0,1.0
trot,0.4,0.36,0.4,0.5,32,0.0,0,,0.22041233357965284,1.0,0.0
trot,0.4,0.36,0.4,0.625,32,1.0,1,0.24950775236589273,0.24950775236589273,1.0,1.0
trot,0.4,0.36,0.5,0.5,32,0.0,0,,0.2721631788228606,1.0,0.0
trot,0.4,0.36,0.5,0.625,32,1.0,1,0.2731300746775657,0.2731300746775657,1.0,1.0
trot,0.4,0.4,0.1,0.5,32,0.0,0,,0.16297630554508596,0.0,0.0
trot,0.4,0.4,0.1,0.625,32,1.0,1,0.2230035182262209,0.2230035182262209,1.0,1.0
trot,0.4,0.4,0.1,0.75,32,1.0,1,0.2794649849592291,0.2794649849592291,1.0,1.0
trot,0.4,0.4,0.2,0.5,32,0.0,0,,0.17692673229307998,1.0,0.0
trot,0.4,0.4,0.2,0.625,32,1.0,1,0.2183383467172475,0.2183383467172475,1.0,1.0
trot,0.4,0.4,0.2,0.75,32,1.0,1,0.27732737798408014,0.27732737798408014,1.0,1.0
trot,0.4,0.4,0.3,0.5,32,0.0,0,,0.18401428571711226,1.0,0.0
trot,0.4,0.4,0.3,0.625,32,1.0,1,0.22489695382860364,0.22489695382860364,1.0,1.0
trot,0.4,0.4,0.3,0.75,32,1.0,1,0.2832059113445378,0.2832059113445378,1.0,1.0
trot,0.4,0.4,0.4,0.5,32,0.0,0,,0.22683854824156222,1.0,0.0
trot,0.4,0.4,0.4,0.625,32,1.0,1,0.24428070227768645,0.24428070227768645,1.0,1.0
trot,0.4,0.4,0.4,0.75,32,1.0,1,0.2998546511971584,0.2998546511971584,1.0,1.0
trot,0.4,0.4,0.5,0.5,32,0.0,0,,0.26180715973662716,1.0,0.0
trot,0.4,0.4,0.5,0.625,32,1.0,1,0.2582723746286652,0.2582723746286652,1.0,1.0
trot,0.4,0.4,0.5,0.75,32,1.0,1,0.324737856260643,0.324737856260643,1.0,1.0
trot,0.4,0.48,0.1,0.5,32,0.0,0,,0.15443489178435812,0.0,0.0
trot,0.4,0.48,0.1,0.625,32,1.0,1,0.19848131606204297,0.19848131606204297,1.0,1.0
trot,0.4,0.48,0.1,0.75,32,1.0,1,0.29674881092841465,0.29674881092841465,1.0,1.0
trot,0.4,0.48,0.2,0.5,32,1.0,1,0.17253931731366426,0.17253931731366426,1.0,1.0
trot,0.4,0.48,0.2,0.625,32,1.0,1,0.2015587799179776,0.2015587799179776,1.0,1.0
trot,0.4,0.48,0.2,0.75,32,1.0,1,0.29771291424006685,0.29771291424006685,1.0,1.0
trot,0.4,0.48,0.3,0.5,32,1.0,1,0.1846322523280188,0.1846322523280188,1.0,1.0
trot,0.4,0.48,0.3,0.625,32,1.0,1,0.21657950565472858,0.21657950565472858,1.0,1.0
trot,0.4,0.48,0.3,0.75,32,1.0,1,0.29793171971228183,0.29793171971228183,1.0,1.0
trot,0.4,0.48,0.4,0.5,32,1.0,1,0.21852107025745107,0.21852107025745107,1.0,1.0
trot,0.4,0.48,0.4,0.625,32,1.0,1,0.2317790897619661,0.2317790897619661,1.0,1.0
trot,0.4,0.48,0.4,0.75,32,1.0,1,0.3050810758183141,0.3050810758183141,1.0,1.0
trot,0.4,0.48,0.5,0.5,32,1.0,1,0.25666914944452174,0.25666914944452174,1.0,1.0
trot,0.4,0.48,0.5,0.625,32,1.0,1,0.2472186496692401,0.2472186496692401,1.0,1.0
trot,0.4,0.48,0.5,0.75,32,1.0,1,0.31711651910087957,0.31711651910087957,1.0,1.0
trot,0.4,0.54,0.1,0.5,32,0.0,0,,0.1562430372699361,0.1875,0.0
trot,0.4,0.54,0.1,0.625,32,1.0,1,0.20396501522695681,0.20396501522695681,1.0,1.0
trot,0.4,0.54,0.1,0.75,32,1.0,1,0.32478960077753694,0.32478960077753694,1.0,1.0
trot,0.4,0.54,0.2,0.5,32,0.0,0,,0.17009266416508162,1.0,0.0
trot,0.4,0.54,0.2,0.625,32,1.0,1,0.21535623040890628,0.21535623040890628,1.0,1.0
trot,0.4,0.54,0.2,0.75,32,1.0,1,0.3316099145084145,0.3316099145084145,1.0,1.0
trot,0.4,0.54,0.3,0.5,32,0.0,0,,0.19407384694141808,1.0,0.0
trot,0.4,0.54,0.3,0.625,32,1.0,1,0.22092961842041028,0.22092961842041028,1.0,1.0
trot,0.4,0.54,0.3,0.75,32,1.0,1,0.32949042332296674,0.32949042332296674,1.0,1.0
trot,0.4,0.54,0.4,0.5,32,0.0,0,,0.21581592537525685,1.0,0.0
trot,0.4,0.54,0.4,0.625,32,1.0,1,0.23657541822391157,0.23657541822391157,1.0,1.0
trot,0.4,0.54,0.4,0.75,32,1.0,1,0.32948369675375333,0.32948369675375333,1.0,1.0
trot,0.4,0.54,0.5,0.5,32,0.0,0,,0.25099173830543486,1.0,0.0
trot,0.4,0.54,0.5,0.625,32,1.0,1,0.25722377126571444,0.25722377126571444,1.0,1.0
trot,0.4,0.54,0.5,0.75,32,0.96875,1,0.32219955573182507,0.32221573721761876,0.96875,1.0
walk,0.25,0.4,0.1,0.75,32,0.0,0,,0.4912918232115021,0.78125,0.0
walk,0.25,0.4,0.1,0.8,32,0.0,0,,0.5094984393476819,1.0,0.0
walk,0.25,0.4,0.1,0.85,32,1.0,1,0.45448751057203474,0.45448751057203474,1.0,1.0
walk,0.25,0.4,0.1,0.9,32,0.0,0,,0.45965971440067077,1.0,0.0
walk,0.25,0.4,0.2,0.75,32,0.0,0,,0.4749917040102014,1.0,0.0
walk,0.25,0.4,0.2,0.8,32,0.0,0,,0.5370726738598874,1.0,0.0
walk,0.25,0.4,0.2,0.85,32,0.0625,0,,0.5041921751008986,1.0,0.0625
walk,0.25,0.4,0.2,0.9,32,0.0,0,,0.4967939168349931,1.0,0.0
walk,0.25,0.4,0.3,0.75,32,0.0,0,,0.48713349662809247,1.0,0.0
walk,0.25,0.4,0.3,0.8,32,0.0,0,,0.5212121097182019,1.0,0.0
walk,0.25,0.4,0.3,0.85,32,1.0,1,0.54063664010664,0.54063664010664,1.0,1.0
walk,0.25,0.4,0.3,0.9,32,0.0,0,,0.555345328518571,1.0,0.0
walk,0.25,0.4,0.4,0.75,32,0.0,0,,0.5136303727885236,1.0,0.0
walk,0.25,0.4,0.4,0.8,32,0.0,0,,0.5457435816155787,1.0,0.0
walk,0.25,0.4,0.4,0.85,32,1.0,1,0.5779158325835146,0.5779158325835146,1.0,1.0
walk,0.25,0.4,0.4,0.9,32,0.0,0,,0.587300967485044,1.0,0.0
walk,0.25,0.4,0.5,0.75,32,0.0,0,,0.5433697820600143,1.0,0.0
walk,0.25,0.4,0.5,0.8,32,0.0,0,,0.5693808953304076,1.0,0.0
walk,0.25,0.4,0.5,0.85,32,1.0,1,0.624721857997433,0.624721857997433,1.0,1.0
walk,0.25,0.4,0.5,0.9,32,0.0,0,,0.6169373452065056,1.0,0.0
walk,0.25,0.48,0.1,0.75,32,0.0,0,,0.40650887972379024,1.0,0.0
walk,0.25,0.48,0.1,0.8,32,1.0,1,0.44690587477453925,0.44690587477453925,1.0,1.0
walk,0.25,0.48,0.1,0.85,32,1.0,1,0.4694738559026698,0.4694738559026698,1.0,1.0
walk,0.25,0.48,0.1,0.9,32,0.0,0,,0.4524130512250496,1.0,0.0
walk,0.25,0.48,0.2,0.75,32,0.0,0,,0.4213140990261167,1.0,0.0
walk,0.25,0.48,0.2,0.8,32,1.0,1,0.4709335640489308,0.4709335640489308,1.0,1.0
walk,0.25,0.48,0.2,0.85,32,1.0,1,0.4969962281396246,0.4969962281396246,1.0,1.0
walk,0.25,0.48,0.2,0.9,32,0.0,0,,0.4628562737594379,1.0,0.0
walk,0.25,0.48,0.3,0.75,32,0.0,0,,0.4477297484000351,1.0,0.0
walk,0.25,0.48,0.3,0.8,32,1.0,1,0.49464049515680364,0.49464049515680364,1.0,1.0
walk,0.25,0.48,0.3,0.85,32,1.0,1,0.5203713352795648,0.5203713352795648,1.0,1.0
walk,0.25,0.48,0.3,0.9,32,0.0,0,,0.4952084535446216,1.0,0.0
walk,0.25,0.48,0.4,0.75,32,0.0,0,,0.501795426508004,1.0,0.0
walk,0.25,0.48,0.4,0.8,32,1.0,1,0.5201501222824505,0.5201501222824505,1.0,1.0
walk,0.25,0.48,0.4,0.85,32,1.0,1,0.5479207052182801,0.5479207052182801,1.0,1.0
walk,0.25,0.48,0.4,0.9,32,0.0,0,,0.536076483140428,1.0,0.0
walk,0.25,0.48,0.5,0.75,32,0.0,0,,0.5156666007446444,1.0,0.0
walk,0.25,0.48,0.5,0.8,32,1.0,1,0.5368571139521066,0.5368571139521066,1.0,1.0
walk,0.25,0.48,0.5,0.85,32,1.0,1,0.5838779747598017,0.5838779747598017,1.0,1.0
walk,0.25,0.48,0.5,0.9,32,0.0,0,,0.5558771324769098,1.0,0.0
walk,0.25,0.54,0.1,0.75,32,0.0,0,,0.39395752873585344,1.0,0.0
walk,0.25,0.54,0.1,0.8,32,0.0,0,,0.44528320200988974,1.0,0.0
walk,0.25,0.54,0.1,0.85,32,1.0,1,0.4580960346436761,0.4580960346436761,1.0,1.0
walk,0.25,0.54,0.1,0.9,32,0.0,0,,0.4805485991021708,1.0,0.0
walk,0.25,0.54,0.2,0.75,32,0.0,0,,0.4010452006798318,1.0,0.0
walk,0.25,0.54,0.2,0.8,32,0.0,0,,0.46287753697261624,1.0,0.0
walk,0.25,0.54,0.2,0.85,32,1.0,1,0.4744324925905554,0.4744324925905554,1.0,1.0
walk,0.25,0.54,0.2,0.9,32,1.0,1,0.4972402410856632,0.4972402410856632,1.0,1.0
walk,0.25,0.54,0.3,0.75,32,0.0,0,,0.4308466359809436,1.0,0.0
walk,0.25,0.54,0.3,0.8,32,0.0,0,,0.4747895602111183,1.0,0.0
walk,0.25,0.54,0.3,0.85,32,0.875,0,,0.5016875117945011,1.0,0.875
walk,0.25,0.54,0.3,0.9,32,0.0,0,,0.5203566203384092,1.0,0.0
walk,0.25,0.54,0.4,0.75,32,0.0,0,,0.462717066742383,1.0,0.0
walk,0.25,0.54,0.4,0.8,32,0.0,0,,0.49439933202913966,1.0,0.0
walk,0.25,0.54,0.4,0.85,32,1.0,1,0.5206923248748714,0.5206923248748714,1.0,1.0
walk,0.25,0.54,0.4,0.9,32,1.0,1,0.537936136552073,0.537936136552073,1.0,1.0
walk,0.25,0.54,0.5,0.75,32,0.0,0,,0.4961165923334546,1.0,0.0
walk,0.25,0.54,0.5,0.8,32,0.0,0,,0.5144358070683759,1.0,0.0
walk,0.25,0.54,0.5,0.85,32,1.0,1,0.5420009359193624,0.5420009359193624,1.0,1.0
walk,0.25,0.54,0.5,0.9,32,0.0,0,,0.5566465586968893,1.0,0.0
walk,0.3,0.4,0.1,0.75,32,0.0,0,,0.4496502626238486,1.0,0.0
walk,0.3,0.4,0.1,0.8,32,0.0,0,,0.44533584359389067,1.0,0.0
walk,0.3,0.4,0.1,0.85,32,1.0,1,0.4302137504055866,0.4302137504055866,1.0,1.0
walk,0.3,0.4,0.1,0.9,32,0.0,0,,0.44469613225337373,1.0,0.0
walk,0.3,0.4,0.2,0.75,32,0.0,0,,0.44608453519969027,1.0,0.0
walk,0.3,0.4,0.2,0.8,32,0.0,0,,0.4731372312983896,1.0,0.0
walk,0.3,0.4,0.2,0.85,32,1.0,1,0.4639256566425582,0.4639256566425582,1.0,1.0
walk,0.3,0.4,0.2,0.9,32,0.0,0,,0.48099376713672104,1.0,0.0
walk,0.3,0.4,0.3,0.75,32,0.0,0,,0.4602072322044829,1.0,0.0
walk,0.3,0.4,0.3,0.8,32,0.0,0,,0.49845673130995627,1.0,0.0
walk,0.3,0.4,0.3,0.85,32,0.0,0,,0.5046451487183312,1.0,0.0
walk,0.3,0.4,0.3,0.9,32,0.0,0,,0.5220678107584487,1.0,0.0
walk,0.3,0.4,0.4,0.75,32,0.0,0,,0.4908780197538021,1.0,0.0
walk,0.3,0.4,0.4,0.8,32,0.0,0,,0.5097352906375512,1.0,0.0
walk,0.3,0.4,0.4,0.85,32,1.0,1,0.5424440410284932,0.5424440410284932,1.0,1.0
walk,0.3,0.4,0.4,0.9,32,0.0,0,,0.5534003281013732,1.0,0.0
walk,0.3,0.4,0.5,0.75,32,0.0,0,,0.5058480449120026,1.0,0.0
walk,0.3,0.4,0.5,0.8,32,0.0,0,,0.5322316143962023,1.0,0.0
walk,0.3,0.4,0.5,0.85,32,1.0,1,0.5835297494577378,0.5835297494577378,1.0,1.0
walk,0.3,0.4,0.5,0.9,32,0.0,0,,0.5673636755150788,1.0,0.0
walk,0.3,0.48,0.1,0.75,32,0.0,0,,0.3747007789227104,1.0,0.0
walk,0.3,0.48,0.1,0.8,32,1.0,1,0.4246773760160209,0.4246773760160209,1.0,1.0
walk,0.3,0.48,0.1,0.85,32,1.0,1,0.4581828827221621,0.4581828827221621,1.0,1.0
walk,0.3,0.48,0.1,0.9,32,0.0,0,,0.438485347174536,1.0,0.0
walk,0.3,0.48,0.2,0.75,32,0.0,0,,0.39825625903027695,1.0,0.0
walk,0.3,0.48,0.2,0.8,32,1.0,1,0.44200167400110124,0.44200167400110124,1.0,1.0
walk,0.3,0.48,0.2,0.85,32,1.0,1,0.45754870554717786,0.45754870554717786,1.0,1.0
walk,0.3,0.48,0.2,0.9,32,0.0,0,,0.44921726227663633,1.0,0.0
walk,0.3,0.48,0.3,0.75,32,0.0,0,,0.4239170538911108,1.0,0.0
walk,0.3,0.48,0.3,0.8,32,1.0,1,0.46345949622004096,0.46345949622004096,1.0,1.0
walk,0.3,0.48,0.3,0.85,32,1.0,1,0.49267398020279485,0.49267398020279485,1.0,1.0
walk,0.3,0.48,0.3,0.9,32,0.0,0,,0.47335478800588915,1.0,0.0
walk,0.3,0.48,0.4,0.75,32,0.0,0,,0.46107163878451185,1.0,0.0
walk,0.3,0.48,0.4,0.8,32,1.0,1,0.4918356113841367,0.4918356113841367,1.0,1.0
walk,0.3,0.48,0.4,0.85,32,1.0,1,0.5282473271169106,0.5282473271169106,1.0,1.0
walk,0.3,0.48,0.4,0.9,32,0.0,0,,0.5017447615345567,1.0,0.0
walk,0.3,0.48,0.5,0.75,32,0.0,0,,0.479574895440013,1.0,0.0
walk,0.3,0.48,0.5,0.8,32,1.0,1,0.504301872288613,0.504301872288613,1.0,1.0
walk,0.3,0.48,0.5,0.85,32,1.0,1,0.5499421836566551,0.5499421836566551,1.0,1.0
walk,0.3,0.48,0.5,0.9,32,0.0,0,,0.5196053099390985,1.0,0.0
walk,0.3,0.54,0.1,0.75,32,0.0,0,,0.37415716505643043,1.0,0.0
walk,0.3,0.54,0.1,0.8,32,0.0,0,,0.4222183817654813,1.0,0.0
walk,0.3,0.54,0.1,0.85,32,1.0,1,0.44012959537554297,0.44012959537554297,1.0,1.0
walk,0.3,0.54,0.1,0.9,32,0.0,0,,0.45903542768823224,1.0,0.0
walk,0.3,0.54,0.2,0.75,32,0.0,0,,0.3847331802352991,1.0,0.0
walk,0.3,0.54,0.2,0.8,32,0.0,0,,0.43272309211061255,1.0,0.0
walk,0.3,0.54,0.2,0.85,32,1.0,1,0.449891371969931,0.449891371969931,1.0,1.0
walk,0.3,0.54,0.2,0.9,32,0.375,0,,0.464533081993158,0.375,1.0
walk,0.3,0.54,0.3,0.75,32,0.0,0,,0.40363935273040863,1.0,0.0
walk,0.3,0.54,0.3,0.8,32,0.0,0,,0.4457946013003557,1.0,0.0
walk,0.3,0.54,0.3,0.85,32,1.0,1,0.47053650875124464,0.47053650875124464,1.0,1.0
walk,0.3,0.54,0.3,0.9,32,1.0,1,0.48427052489792954,0.48427052489792954,1.0,1.0
walk,0.3,0.54,0.4,0.75,32,0.0,0,,0.43950764615354354,1.0,0.0
walk,0.3,0.54,0.4,0.8,32,0.0,0,,0.4623306785036765,1.0,0.0
walk,0.3,0.54,0.4,0.85,32,1.0,1,0.4961299718278698,0.4961299718278698,1.0,1.0
walk,0.3,0.54,0.4,0.9,32,0.0,0,,0.5084732271317409,1.0,0.0
walk,0.3,0.54,0.5,0.75,32,0.0,0,,0.4600665867305901,1.0,0.0
walk,0.3,0.54,0.5,0.8,32,0.0,0,,0.484370113420872,1.0,0.0
walk,0.3,0.54,0.5,0.85,32,1.0,1,0.5194742762750847,0.5194742762750847,1.0,1.0
walk,0.3,0.54,0.5,0.9,32,0.0,0,,0.5235536967046979,1.0,0.0
walk,0.35,0.4,0.1,0.75,32,0.0,0,,0.4188829042594637,1.0,0.0
walk,0.35,0.4,0.1,0.8,32,0.0,0,,0.4211623531592701,1.0,0.0
walk,0.35,0.4,0.1,0.85,32,1.0,1,0.4278754651053496,0.4278754651053496,1.0,1.0
walk,0.35,0.4,0.1,0.9,32,0.0,0,,0.437718834706858,1.0,0.0
walk,0.35,0.4,0.2,0.75,32,0.0,0,,0.4249251988337179,1.0,0.0
walk,0.35,0.4,0.2,0.8,32,0.0,0,,0.4508212792574915,1.0,0.0
walk,0.35,0.4,0.2,0.85,32,1.0,1,0.45633940176852145,0.45633940176852145,1.0,1.0
walk,0.35,0.4,0.2,0.9,32,0.0,0,,0.46956509838185245,1.0,0.0
walk,0.35,0.4,0.3,0.75,32,0.0,0,,0.44512149225401304,1.0,0.0
walk,0.35,0.4,0.3,0.8,32,0.0,0,,0.47088831188453173,1.0,0.0
walk,0.35,0.4,0.3,0.85,32,1.0,1,0.48546298845092556,0.48546298845092556,1.0,1.0
walk,0.35,0.4,0.3,0.9,32,0.0,0,,0.5003209889909106,1.0,0.0
walk,0.35,0.4,0.4,0.75,32,0.0,0,,0.46884254800357916,1.0,0.0
walk,0.35,0.4,0.4,0.8,32,0.0,0,,0.4906011921824421,1.0,0.0
walk,0.35,0.4,0.4,0.85,32,1.0,1,0.5071399354164461,0.5071399354164461,1.0,1.0
walk,0.35,0.4,0.4,0.9,32,0.0,0,,0.5333557128510106,1.0,0.0
walk,0.35,0.4,0.5,0.75,32,0.0,0,,0.47532908899192416,1.0,0.0
walk,0.35,0.4,0.5,0.8,32,0.0,0,,0.5131009057694575,1.0,0.0
walk,0.35,0.4,0.5,0.85,32,0.0,0,,0.5316101231079647,0.96875,0.0
walk,0.35,0.4,0.5,0.9,32,0.0,0,,0.5434703166725919,1.0,0.0
walk,0.35,0.48,0.1,0.75,32,0.0,0,,0.3758744964541392,1.0,0.0
walk,0.35,0.48,0.1,0.8,32,1.0,1,0.41551397568564874,0.41551397568564874,1.0,1.0
walk,0.35,0.48,0.1,0.85,32,0.90625,1,0.44320302785684285,0.4430210732841596,1.0,0.90625
walk,0.35,0.48,0.1,0.9,32,0.0,0,,0.4313831855360446,1.0,0.0
walk,0.35,0.48,0.2,0.75,32,0.0,0,,0.3828285333162752,1.0,0.0
walk,0.35,0.48,0.2,0.8,32,1.0,1,0.4282358677645951,0.4282358677645951,1.0,1.0
walk,0.35,0.48,0.2,0.85,32,1.0,1,0.4531116847093588,0.4531116847093588,1.0,1.0
walk,0.35,0.48,0.2,0.9,32,0.0,0,,0.44608538880288123,1.0,0.0
walk,0.35,0.48,0.3,0.75,32,0.0,0,,0.4073748546391345,1.0,0.0
walk,0.35,0.48,0.3,0.8,32,1.0,1,0.45041768832398316,0.45041768832398316,1.0,1.0
walk,0.35,0.48,0.3,0.85,32,1.0,1,0.47656980324685944,0.47656980324685944,1.0,1.0
walk,0.35,0.48,0.3,0.9,32,0.0,0,,0.4679889614421533,1.0,0.0
walk,0.35,0.48,0.4,0.75,32,0.0,0,,0.4371205769011396,1.0,0.0
walk,0.35,0.48,0.4,0.8,32,1.0,1,0.4766723851226543,0.4766723851226543,1.0,1.0
walk,0.35,0.48,0.4,0.85,32,1.0,1,0.507423534265127,0.507423534265127,1.0,1.0
walk,0.35,0.48,0.4,0.9,32,0.0,0,,0.48800675063174465,1.0,0.0
walk,0.35,0.48,0.5,0.75,32,0.0,0,,0.4491086168316011,1.0,0.0
walk,0.35,0.48,0.5,0.8,32,1.0,1,0.48335519536148225,0.48335519536148225,1.0,1.0
walk,0.35,0.48,0.5,0.85,32,0.6875,0,,0.5212062571694659,1.0,0.6875
walk,0.35,0.48,0.5,0.9,32,0.0,0,,0.5035508132450357,1.0,0.0
walk,0.35,0.54,0.1,0.75,32,0.0,0,,0.3756655459770033,1.0,0.0
walk,0.35,0.54,0.1,0.8,32,1.0,1,0.41439035078053843,0.41439035078053843,1.0,1.0
walk,0.35,0.54,0.1,0.85,32,1.0,1,0.4266490030866249,0.4266490030866249,1.0,1.0
walk,0.35,0.54,0.1,0.9,32,0.0,0,,0.4524073704349564,1.0,0.0
walk,0.35,0.54,0.2,0.75,32,0.0,0,,0.38950803892438646,1.0,0.0
walk,0.35,0.54,0.2,0.8,32,0.0,0,,0.41948960228322385,1.0,0.0
walk,0.35,0.54,0.2,0.85,32,1.0,1,0.43757804200553235,0.43757804200553235,1.0,1.0
walk,0.35,0.54,0.2,0.9,32,0.625,0,,0.45604564587794644,0.84375,0.78125
walk,0.35,0.54,0.3,0.75,32,0.0,0,,0.4004809682652581,1.0,0.0
walk,0.35,0.54,0.3,0.8,32,0.0,0,,0.43077426884232384,1.0,0.0
walk,0.35,0.54,0.3,0.85,32,1.0,1,0.4520226129589877,0.4520226129589877,1.0,1.0
walk,0.35,0.54,0.3,0.9,32,1.0,1,0.4712526102157563,0.4712526102157563,1.0,1.0
walk,0.35,0.54,0.4,0.75,32,0.0,0,,0.4167344637645617,1.0,0.0
walk,0.35,0.54,0.4,0.8,32,0.0,0,,0.4434249282585314,1.0,0.0
walk,0.35,0.54,0.4,0.85,32,1.0,1,0.47899761963302073,0.47899761963302073,1.0,1.0
walk,0.35,0.54,0.4,0.9,32,0.0,0,,0.48345331763863286,1.0,0.0
walk,0.35,0.54,0.5,0.75,32,0.0,0,,0.4389746606384729,1.0,0.0
walk,0.35,0.54,0.5,0.8,32,0.0,0,,0.4642253800156015,1.0,0.0
walk,0.35,0.54,0.5,0.85,32,1.0,1,0.49357327303962023,0.49357327303962023,1.0,1.0
walk,0.35,0.54,0.5,0.9,32,0.0,0,,0.5038397358203952,1.0,0.0
walk,0.4,0.4,0.1,0.75,32,0.0,0,,0.39949927401878527,1.0,0.0
walk,0.4,0.4,0.1,0.8,32,0.0,0,,0.4055583742720572,1.0,0.0
walk,0.4,0.4,0.1,0.85,32,0.0,0,,0.4206848678499501,0.0,0.0
walk,0.4,0.4,0.1,0.9,32,0.0,0,,0.44010546360894726,1.0,0.0
walk,0.4,0.4,0.2,0.75,32,0.0,0,,0.39872699786962623,1.0,0.0
walk,0.4,0.4,0.2,0.8,32,0.0,0,,0.420617844947947,1.0,0.0
walk,0.4,0.4,0.2,0.85,32,1.0,1,0.44467299377138625,0.44467299377138625,1.0,1.0
walk,0.4,0.4,0.2,0.9,32,0.0,0,,0.46340392812424924,1.0,0.0
walk,0.4,0.4,0.3,0.75,32,0.0,0,,0.430244462847377,1.0,0.0
walk,0.4,0.4,0.3,0.8,32,0.0,0,,0.4495755723695758,1.0,0.0
walk,0.4,0.4,0.3,0.85,32,1.0,1,0.4729669848544742,0.4729669848544742,1.0,1.0
walk,0.4,0.4,0.3,0.9,32,0.0,0,,0.4872460220990722,1.0,0.0
walk,0.4,0.4,0.4,0.75,32,0.0,0,,0.4517653808104797,1.0,0.0
walk,0.4,0.4,0.4,0.8,32,0.0,0,,0.47291342032041617,1.0,0.0
walk,0.4,0.4,0.4,0.85,32,0.0,0,,0.49485364129222015,1.0,0.0
walk,0.4,0.4,0.4,0.9,32,0.0,0,,0.5147052690046299,1.0,0.0
walk,0.4,0.4,0.5,0.75,32,0.0,0,,0.4629130619244149,1.0,0.0
walk,0.4,0.4,0.5,0.8,32,0.0,0,,0.49090285743834916,1.0,0.0
walk,0.4,0.4,0.5,0.85,32,0.0,0,,0.5138771091514216,1.0,0.0
walk,0.4,0.4,0.5,0.9,32,0.0,0,,0.5231717179861954,1.0,0.0
walk,0.4,0.48,0.1,0.75,32,0.0,0,,0.3688223378217499,1.0,0.0
walk,0.4,0.48,0.1,0.8,32,1.0,1,0.41841560231226477,0.41841560231226477,1.0,1.0
walk,0.4,0.48,0.1,0.85,32,0.0,0,,0.4371172432866739,1.0,0.0
walk,0.4,0.48,0.1,0.9,32,0.0,0,,0.4306486716768757,1.0,0.0
walk,0.4,0.48,0.2,0.75,32,0.0,0,,0.3793322928273236,1.0,0.0
walk,0.4,0.48,0.2,0.8,32,1.0,1,0.4244903768334881,0.4244903768334881,1.0,1.0
walk,0.4,0.48,0.2,0.85,32,1.0,1,0.4517945411968408,0.4517945411968408,1.0,1.0
walk,0.4,0.48,0.2,0.9,32,0.0,0,,0.44484716231748056,1.0,0.0
walk,0.4,0.48,0.3,0.75,32,0.0,0,,0.39929390424648803,1.0,0.0
walk,0.4,0.48,0.3,0.8,32,1.0,1,0.44410737014469587,0.44410737014469587,1.0,1.0
walk,0.4,0.48,0.3,0.85,32,1.0,1,0.4697682606626642,0.4697682606626642,1.0,1.0
walk,0.4,0.48,0.3,0.9,32,0.0,0,,0.46069789769461333,1.0,0.0
walk,0.4,0.48,0.4,0.75,32,0.0,0,,0.41743016042321524,1.0,0.0
walk,0.4,0.48,0.4,0.8,32,1.0,1,0.46167918250575185,0.46167918250575185,1.0,1.0
walk,0.4,0.48,0.4,0.85,32,1.0,1,0.48962890789094254,0.48962890789094254,1.0,1.0
walk,0.4,0.48,0.4,0.9,32,0.0,0,,0.48174676488175017,1.0,0.0
walk,0.4,0.48,0.5,0.75,32,0.0,0,,0.4337945540099477,1.0,0.0
walk,0.4,0.48,0.5,0.8,32,1.0,1,0.4693949395702324,0.4693949395702324,1.0,1.0
walk,0.4,0.48,0.5,0.85,32,0.0,0,,0.5001303663446445,1.0,0.0
walk,0.4,0.48,0.5,0.9,32,0.0,0,,0.49162072620948416,1.0,0.0
walk,0.4,0.54,0.1,0.75,32,0.0,0,,0.3702196374841318,1.0,0.0
walk,0.4,0.54,0.1,0.8,32,1.0,1,0.41347892853464735,0.41347892853464735,1.0,1.0
walk,0.4,0.54,0.1,0.85,32,1.0,1,0.42366883969565877,0.42366883969565877,1.0,1.0
walk,0.4,0.54,0.1,0.9,32,0.0,0,,0.45294914509625295,1.0,0.0
walk,0.4,0.54,0.2,0.75,32,0.0,0,,0.3825395891790532,1.0,0.0
walk,0.4,0.54,0.2,0.8,32,0.0,0,,0.41915400243164547,1.0,0.0
walk,0.4,0.54,0.2,0.85,32,1.0,1,0.4344105230512828,0.4344105230512828,1.0,1.0
walk,0.4,0.54,0.2,0.9,32,0.0,0,,0.4526607630173445,1.0,0.0
walk,0.4,0.54,0.3,0.75,32,0.0,0,,0.3941765730660917,1.0,0.0
walk,0.4,0.54,0.3,0.8,32,0.0,0,,0.42321718917492124,1.0,0.0
walk,0.4,0.54,0.3,0.85,32,1.0,1,0.4490380092787242,0.4490380092787242,1.0,1.0
walk,0.4,0.54,0.3,0.9,32,0.0,0,,0.4715231839660806,1.0,0.0
walk,0.4,0.54,0.4,0.75,32,0.0,0,,0.40778580947994564,1.0,0.0
walk,0.4,0.54,0.4,0.8,32,0.0,0,,0.43197543575921926,1.0,0.0
walk,0.4,0.54,0.4,0.85,32,1.0,1,0.4654977131920471,0.4654977131920471,1.0,1.0
walk,0.4,0.54,0.4,0.9,32,0.0,0,,0.4813552774504025,1.0,0.0
walk,0.4,0.54,0.5,0.75,32,0.0,0,,0.42575247666352767,1.0,0.0
walk,0.4,0.54,0.5,0.8,32,0.0,0,,0.45414646334833964,1.0,0.0
walk,0.4,0.54,0.5,0.85,32,1.0,1,0.47940112828956244,0.47940112828956244,1.0,1.0
walk,0.4,0.54,0.5,0.9,32,0.0,0,,0.48961915386788635,1.0,0.0
