gait,speed,period,step_width,command_df,trials,valid_energy_trials,energy_valid_rate,energy_condition_valid,positive_mechanical_cot_median,finite_cot_trials,positive_mechanical_cot_median_all,periodic_rate,compliance_rate,achieved_df_mean,out_of_training_support
trot,0.25,0.48,0.1,0.5,32,0,0.0,0,,32,0.21318943053043943,0.21875,0.0,0.5338541666666666,0
trot,0.25,0.48,0.1,0.625,32,32,1.0,1,0.3038305030113938,32,0.3038305030113938,1.0,1.0,0.625,0
trot,0.25,0.48,0.1,0.75,32,31,0.96875,1,0.3958663232174969,32,0.3958030827334058,1.0,0.96875,0.7395833333333334,0
trot,0.25,0.48,0.2,0.5,32,32,1.0,1,0.2198833302490795,32,0.2198833302490795,1.0,1.0,0.5254720052083333,0
trot,0.25,0.48,0.2,0.625,32,32,1.0,1,0.2929556468202062,32,0.2929556468202062,1.0,1.0,0.6229654947916666,0
trot,0.25,0.48,0.2,0.75,32,0,0.0,0,,32,0.3846598460164979,1.0,0.0,0.7395833333333334,0
trot,0.25,0.48,0.3,0.5,32,32,1.0,1,0.2408338005763656,32,0.2408338005763656,1.0,1.0,0.5208333333333333,0
trot,0.25,0.48,0.3,0.625,32,32,1.0,1,0.28408506322380894,32,0.28408506322380894,1.0,1.0,0.625,0
trot,0.25,0.48,0.3,0.75,32,0,0.0,0,,32,0.372658792718534,1.0,0.0,0.7395833333333334,0
trot,0.25,0.48,0.4,0.5,32,0,0.0,0,,32,0.28610911578663123,0.0,0.0,0.53125,0
trot,0.25,0.48,0.4,0.625,32,32,1.0,1,0.2928153129336703,32,0.2928153129336703,1.0,1.0,0.625,0
trot,0.25,0.48,0.4,0.75,32,32,1.0,1,0.36708845223055964,32,0.36708845223055964,1.0,1.0,0.7395833333333334,0
trot,0.25,0.48,0.5,0.5,32,0,0.0,0,,32,0.3425775768734556,0.96875,0.0,0.5416666666666667,0
trot,0.25,0.48,0.5,0.625,32,32,1.0,1,0.328061042161637,32,0.328061042161637,1.0,1.0,0.625,0
trot,0.25,0.48,0.5,0.75,32,32,1.0,1,0.3882168423196959,32,0.3882168423196959,1.0,1.0,0.74560546875,0
trot,0.3,0.48,0.1,0.5,32,7,0.21875,0,,32,0.20131721390758395,0.4375,0.25,0.5301920572916666,0
trot,0.3,0.48,0.1,0.625,32,32,1.0,1,0.2707929604963504,32,0.2707929604963504,1.0,1.0,0.625,0
trot,0.3,0.48,0.1,0.75,32,0,0.0,0,,32,0.36419586878429944,1.0,0.0,0.7395833333333334,0
trot,0.3,0.48,0.2,0.5,32,32,1.0,1,0.20358422661332803,32,0.20358422661332803,1.0,1.0,0.5295410156249999,0
trot,0.3,0.48,0.2,0.625,32,32,1.0,1,0.2641492788906728,32,0.2641492788906728,1.0,1.0,0.625,0
trot,0.3,0.48,0.2,0.75,32,0,0.0,0,,32,0.3539337997418893,1.0,0.0,0.7395833333333334,0
trot,0.3,0.48,0.3,0.5,32,32,1.0,1,0.22283078757420421,32,0.22283078757420421,1.0,1.0,0.5208333333333333,0
trot,0.3,0.48,0.3,0.625,32,32,1.0,1,0.2610613862725732,32,0.2610613862725732,1.0,1.0,0.625,0
trot,0.3,0.48,0.3,0.75,32,0,0.0,0,,32,0.3393679397842633,1.0,0.0,0.7395833333333334,0
trot,0.3,0.48,0.4,0.5,32,0,0.0,0,,32,0.2511326450763621,0.0625,0.0,0.5309244791666666,0
trot,0.3,0.48,0.4,0.625,32,24,0.75,0,,32,0.269787321677251,0.75,1.0,0.625,0
trot,0.3,0.48,0.4,0.75,32,32,1.0,1,0.3384455372382864,32,0.3384455372382864,1.0,1.0,0.7395833333333334,0
trot,0.3,0.48,0.5,0.5,32,0,0.0,0,,32,0.2985135710578491,0.6875,0.0,0.5431315104166667,0
trot,0.3,0.48,0.5,0.625,32,21,0.65625,0,,32,0.2961256500454291,0.65625,1.0,0.6241861979166667,0
trot,0.3,0.48,0.5,0.75,32,32,1.0,1,0.35587338004937363,32,0.35587338004937363,1.0,1.0,0.7395833333333334,0
trot,0.35,0.48,0.1,0.5,32,29,0.90625,1,0.1918940900115662,32,0.1918541330403655,1.0,0.90625,0.5312499999999999,0
trot,0.35,0.48,0.1,0.625,32,32,1.0,1,0.2533422438830844,32,0.2533422438830844,1.0,1.0,0.625,0
trot,0.35,0.48,0.1,0.75,32,0,0.0,0,,32,0.343476977039905,1.0,0.0,0.7395833333333334,0
trot,0.35,0.48,0.2,0.5,32,32,1.0,1,0.1914268167741049,32,0.1914268167741049,1.0,1.0,0.5208333333333333,0
trot,0.35,0.48,0.2,0.625,32,32,1.0,1,0.2484811464879892,32,0.2484811464879892,1.0,1.0,0.625,0
trot,0.35,0.48,0.2,0.75,32,0,0.0,0,,32,0.33393117319766485,1.0,0.0,0.7395833333333334,0
trot,0.35,0.48,0.3,0.5,32,32,1.0,1,0.2132071608324132,32,0.2132071608324132,1.0,1.0,0.5208333333333333,0
trot,0.35,0.48,0.3,0.625,32,32,1.0,1,0.24183356452331745,32,0.24183356452331745,1.0,1.0,0.6207682291666667,0
trot,0.35,0.48,0.3,0.75,32,0,0.0,0,,32,0.3209680507363367,1.0,0.0,0.7395833333333334,0
trot,0.35,0.48,0.4,0.5,32,0,0.0,0,,32,0.22984689517855889,0.53125,0.0,0.5311686197916666,0
trot,0.35,0.48,0.4,0.625,32,32,1.0,1,0.2516533602923317,32,0.2516533602923317,1.0,1.0,0.6197916666666666,0
trot,0.35,0.48,0.4,0.75,32,2,0.0625,0,,32,0.3219226383255196,1.0,0.0625,0.7395833333333334,0
trot,0.35,0.48,0.5,0.5,32,0,0.0,0,,32,0.27754357125394724,0.4375,0.0,0.5476888020833335,0
trot,0.35,0.48,0.5,0.625,32,30,0.9375,1,0.2718380179937583,32,0.2718459788804368,0.9375,1.0,0.6180826822916666,0
trot,0.35,0.48,0.5,0.75,32,32,1.0,1,0.34331288522773196,32,0.34331288522773196,1.0,1.0,0.7395833333333334,0
trot,0.4,0.48,0.1,0.5,32,31,0.96875,1,0.1889922032237205,32,0.1889279257376391,1.0,0.96875,0.5312499999999999,0
trot,0.4,0.48,0.1,0.625,32,32,1.0,1,0.2359830240856276,32,0.2359830240856276,1.0,1.0,0.625,0
trot,0.4,0.48,0.1,0.75,32,0,0.0,0,,32,0.33079789904284107,1.0,0.0,0.7395833333333334,0
trot,0.4,0.48,0.2,0.5,32,29,0.90625,1,0.1845673663542832,32,0.1846117458638643,0.96875,0.90625,0.5210774739583333,0
trot,0.4,0.48,0.2,0.625,32,32,1.0,1,0.23573899559585954,32,0.23573899559585954,1.0,1.0,0.625,0
trot,0.4,0.48,0.2,0.75,32,0,0.0,0,,32,0.3203957202628791,1.0,0.0,0.7395833333333334,0
trot,0.4,0.48,0.3,0.5,32,0,0.0,0,,32,0.19611790331194814,1.0,0.0,0.53125,0
trot,0.4,0.48,0.3,0.625,32,32,1.0,1,0.2355830941401176,32,0.2355830941401176,1.0,1.0,0.6145833333333334,0
trot,0.4,0.48,0.3,0.75,32,0,0.0,0,,32,0.3118968429526532,1.0,0.0,0.7395833333333334,0
trot,0.4,0.48,0.4,0.5,32,0,0.0,0,,32,0.2209153700152384,0.0,0.0,0.5355631510416667,0
trot,0.4,0.48,0.4,0.625,32,32,1.0,1,0.241719654810145,32,0.241719654810145,1.0,1.0,0.6145833333333334,0
trot,0.4,0.48,0.4,0.75,32,0,0.0,0,,32,0.31747852365143747,1.0,0.0,0.7364908854166667,0
trot,0.4,0.48,0.5,0.5,32,0,0.0,0,,32,0.2621398458973986,0.375,0.0,0.5504557291666667,0
trot,0.4,0.48,0.5,0.625,32,32,1.0,1,0.25791145663454307,32,0.25791145663454307,1.0,1.0,0.6145833333333334,0
trot,0.4,0.48,0.5,0.75,32,0,0.0,0,,32,0.33769875940019256,1.0,0.0,0.7313639322916667,0
walk,0.25,0.48,0.1,0.75,32,0,0.0,0,,32,0.32883513376984175,1.0,0.0,0.7604166666666666,0
walk,0.25,0.48,0.1,0.8,32,32,1.0,1,0.38972790668425594,32,0.38972790668425594,1.0,1.0,0.8333333333333334,0
walk,0.25,0.48,0.1,0.85,32,32,1.0,1,0.4319075275397003,32,0.4319075275397003,1.0,1.0,0.8541666666666667,0
walk,0.25,0.48,0.1,0.9,32,0,0.0,0,,32,0.44653688798624647,1.0,0.0,0.8854166666666666,0
walk,0.25,0.48,0.2,0.75,32,0,0.0,0,,32,0.35076787254805564,1.0,0.0,0.7604166666666666,0
walk,0.25,0.48,0.2,0.8,32,32,1.0,1,0.41804344078168254,32,0.41804344078168254,1.0,1.0,0.8333333333333334,0
walk,0.25,0.48,0.2,0.85,32,32,1.0,1,0.459539135171553,32,0.459539135171553,1.0,1.0,0.8541666666666667,0
walk,0.25,0.48,0.2,0.9,32,0,0.0,0,,32,0.46572199860167385,1.0,0.0,0.8854166666666666,0
walk,0.25,0.48,0.3,0.75,32,0,0.0,0,,32,0.38341497235302446,1.0,0.0,0.7604166666666666,0
walk,0.25,0.48,0.3,0.8,32,32,1.0,1,0.4416629318851121,32,0.4416629318851121,1.0,1.0,0.8333333333333334,0
walk,0.25,0.48,0.3,0.85,32,32,1.0,1,0.4874102010256992,32,0.4874102010256992,1.0,1.0,0.8541666666666667,0
walk,0.25,0.48,0.3,0.9,32,0,0.0,0,,32,0.4887623072424191,1.0,0.0,0.8854166666666666,0
walk,0.25,0.48,0.4,0.75,32,0,0.0,0,,32,0.3948464127964004,1.0,0.0,0.7604166666666666,0
walk,0.25,0.48,0.4,0.8,32,32,1.0,1,0.46214460990783873,32,0.46214460990783873,1.0,1.0,0.8333333333333334,0
walk,0.25,0.48,0.4,0.85,32,32,1.0,1,0.5068092469644271,32,0.5068092469644271,1.0,1.0,0.8541666666666667,0
walk,0.25,0.48,0.4,0.9,32,0,0.0,0,,32,0.5161432922741085,1.0,0.0,0.8854166666666666,0
walk,0.25,0.48,0.5,0.75,32,0,0.0,0,,32,0.4178189806737322,1.0,0.0,0.7708333333333334,0
walk,0.25,0.48,0.5,0.8,32,32,1.0,1,0.46762381339943315,32,0.46762381339943315,1.0,1.0,0.8333333333333334,0
walk,0.25,0.48,0.5,0.85,32,29,0.90625,1,0.5152811446504189,32,0.5147832310457934,1.0,0.90625,0.8541666666666667,0
walk,0.25,0.48,0.5,0.9,32,0,0.0,0,,32,0.5223780515886942,1.0,0.0,0.8854166666666666,0
walk,0.3,0.48,0.1,0.75,32,0,0.0,0,,32,0.3200287979087465,1.0,0.0,0.7604166666666666,0
walk,0.3,0.48,0.1,0.8,32,32,1.0,1,0.37725198162777673,32,0.37725198162777673,1.0,1.0,0.8333333333333334,0
walk,0.3,0.48,0.1,0.85,32,32,1.0,1,0.4196501105406757,32,0.4196501105406757,1.0,1.0,0.8541666666666667,0
walk,0.3,0.48,0.1,0.9,32,0,0.0,0,,32,0.4313936896077525,1.0,0.0,0.8854166666666666,0
walk,0.3,0.48,0.2,0.75,32,0,0.0,0,,32,0.3378798047719417,1.0,0.0,0.7604166666666666,0
walk,0.3,0.48,0.2,0.8,32,32,1.0,1,0.40507334931570904,32,0.40507334931570904,1.0,1.0,0.8333333333333334,0
walk,0.3,0.48,0.2,0.85,32,32,1.0,1,0.44642666925013086,32,0.44642666925013086,1.0,1.0,0.8541666666666667,0
walk,0.3,0.48,0.2,0.9,32,0,0.0,0,,32,0.45433436744090094,1.0,0.0,0.8854166666666666,0
walk,0.3,0.48,0.3,0.75,32,0,0.0,0,,32,0.36767386602874363,1.0,0.0,0.7604166666666666,0
walk,0.3,0.48,0.3,0.8,32,32,1.0,1,0.4280700575584794,32,0.4280700575584794,1.0,1.0,0.8333333333333334,0
walk,0.3,0.48,0.3,0.85,32,32,1.0,1,0.47129269780862926,32,0.47129269780862926,1.0,1.0,0.8541666666666667,0
walk,0.3,0.48,0.3,0.9,32,0,0.0,0,,32,0.47110056951090906,1.0,0.0,0.8854166666666666,0
walk,0.3,0.48,0.4,0.75,32,0,0.0,0,,32,0.38344223747287876,1.0,0.0,0.7604166666666666,0
walk,0.3,0.48,0.4,0.8,32,32,1.0,1,0.4487187793648143,32,0.4487187793648143,1.0,1.0,0.8333333333333334,0
walk,0.3,0.48,0.4,0.85,32,32,1.0,1,0.4847839769373179,32,0.4847839769373179,1.0,1.0,0.8541666666666667,0
walk,0.3,0.48,0.4,0.9,32,0,0.0,0,,32,0.5009630790109466,1.0,0.0,0.8854166666666666,0
walk,0.3,0.48,0.5,0.75,32,0,0.0,0,,32,0.39878083645277784,1.0,0.0,0.7604166666666666,0
walk,0.3,0.48,0.5,0.8,32,32,1.0,1,0.462945602964427,32,0.462945602964427,1.0,1.0,0.8333333333333334,0
walk,0.3,0.48,0.5,0.85,32,0,0.0,0,,32,0.49157803928653054,1.0,0.0,0.8541666666666667,0
walk,0.3,0.48,0.5,0.9,32,0,0.0,0,,32,0.504424626903614,1.0,0.0,0.8854166666666666,0
walk,0.35,0.48,0.1,0.75,32,0,0.0,0,,32,0.32165058950300784,1.0,0.0,0.7604166666666666,0
walk,0.35,0.48,0.1,0.8,32,32,1.0,1,0.37533183183493724,32,0.37533183183493724,1.0,1.0,0.8230794270833334,0
walk,0.35,0.48,0.1,0.85,32,0,0.0,0,,32,0.41692155616098425,1.0,0.0,0.8541666666666667,0
walk,0.35,0.48,0.1,0.9,32,0,0.0,0,,32,0.42932602551344323,1.0,0.0,0.8854166666666666,0
walk,0.35,0.48,0.2,0.75,32,0,0.0,0,,32,0.3303673111248247,1.0,0.0,0.7604166666666666,0
walk,0.35,0.48,0.2,0.8,32,32,1.0,1,0.4015589607477975,32,0.4015589607477975,1.0,1.0,0.8333333333333334,0
walk,0.35,0.48,0.2,0.85,32,0,0.0,0,,32,0.4395336456517341,1.0,0.0,0.8541666666666667,0
walk,0.35,0.48,0.2,0.9,32,0,0.0,0,,32,0.4472953743415678,1.0,0.0,0.8854166666666666,0
walk,0.35,0.48,0.3,0.75,32,0,0.0,0,,32,0.3518721806209361,1.0,0.0,0.7604166666666666,0
walk,0.35,0.48,0.3,0.8,32,32,1.0,1,0.42696581315596827,32,0.42696581315596827,1.0,1.0,0.8333333333333334,0
walk,0.35,0.48,0.3,0.85,32,32,1.0,1,0.4656510758956973,32,0.4656510758956973,1.0,1.0,0.8541666666666667,0
walk,0.35,0.48,0.3,0.9,32,0,0.0,0,,32,0.46187233201883054,1.0,0.0,0.8854166666666666,0
walk,0.35,0.48,0.4,0.75,32,0,0.0,0,,32,0.37476217035027193,1.0,0.0,0.7604166666666666,0
walk,0.35,0.48,0.4,0.8,32,32,1.0,1,0.4455249069141265,32,0.4455249069141265,1.0,1.0,0.8333333333333334,0
walk,0.35,0.48,0.4,0.85,32,0,0.0,0,,32,0.47793297914947597,1.0,0.0,0.8541666666666667,0
walk,0.35,0.48,0.4,0.9,32,0,0.0,0,,32,0.48801045539774535,1.0,0.0,0.8854166666666666,0
walk,0.35,0.48,0.5,0.75,32,0,0.0,0,,32,0.38684700812853345,1.0,0.0,0.7604166666666666,0
walk,0.35,0.48,0.5,0.8,32,32,1.0,1,0.45754543319843954,32,0.45754543319843954,1.0,1.0,0.814208984375,0
walk,0.35,0.48,0.5,0.85,32,0,0.0,0,,32,0.4852381839422575,1.0,0.0,0.8541666666666667,0
walk,0.35,0.48,0.5,0.9,32,0,0.0,0,,32,0.4936549891145664,1.0,0.0,0.8854166666666666,0
walk,0.4,0.48,0.1,0.75,32,0,0.0,0,,32,0.32432024103838275,1.0,0.0,0.7604166666666666,0
walk,0.4,0.48,0.1,0.8,32,32,1.0,1,0.37695573070969796,32,0.37695573070969796,1.0,1.0,0.81298828125,0
walk,0.4,0.48,0.1,0.85,32,0,0.0,0,,32,0.41816806293936776,1.0,0.0,0.8541666666666667,0
walk,0.4,0.48,0.1,0.9,32,0,0.0,0,,32,0.4296751189179068,1.0,0.0,0.8854166666666666,0
walk,0.4,0.48,0.2,0.75,32,0,0.0,0,,32,0.3257242239910176,1.0,0.0,0.7604166666666666,0
walk,0.4,0.48,0.2,0.8,32,32,1.0,1,0.4087763266001537,32,0.4087763266001537,1.0,1.0,0.8229166666666667,0
walk,0.4,0.48,0.2,0.85,32,0,0.0,0,,32,0.44630734631665103,1.0,0.0,0.8541666666666667,0
walk,0.4,0.48,0.2,0.9,32,0,0.0,0,,32,0.4454972591677445,1.0,0.0,0.8854166666666666,0
walk,0.4,0.48,0.3,0.75,32,0,0.0,0,,32,0.34977235495397807,1.0,0.0,0.7604166666666666,0
walk,0.4,0.48,0.3,0.8,32,32,1.0,1,0.4310981172658162,32,0.4310981172658162,1.0,1.0,0.8229166666666667,0
walk,0.4,0.48,0.3,0.85,32,0,0.0,0,,32,0.46581865776037007,1.0,0.0,0.8541666666666667,0
walk,0.4,0.48,0.3,0.9,32,0,0.0,0,,32,0.4585053721481671,1.0,0.0,0.8854166666666666,0
walk,0.4,0.48,0.4,0.75,32,0,0.0,0,,32,0.3725310195825353,1.0,0.0,0.7604166666666666,0
walk,0.4,0.48,0.4,0.8,32,32,1.0,1,0.44884688681692625,32,0.44884688681692625,1.0,1.0,0.8229166666666667,0
walk,0.4,0.48,0.4,0.85,32,0,0.0,0,,32,0.4764645447113829,1.0,0.0,0.8541666666666667,0
walk,0.4,0.48,0.4,0.9,32,0,0.0,0,,32,0.478333183499995,1.0,0.0,0.8854166666666666,0
walk,0.4,0.48,0.5,0.75,32,0,0.0,0,,32,0.38286759865202546,1.0,0.0,0.7604166666666666,0
walk,0.4,0.48,0.5,0.8,32,32,1.0,1,0.4550005540475454,32,0.4550005540475454,1.0,1.0,0.8125,0
walk,0.4,0.48,0.5,0.85,32,0,0.0,0,,32,0.4818072057590169,1.0,0.0,0.8541666666666667,0
walk,0.4,0.48,0.5,0.9,32,0,0.0,0,,32,0.48903095632022314,1.0,0.0,0.8854166666666666,0
