gait,push_force_n,step_width,command_df,success,trials,success_rate,ci_low,ci_high,periods
trot,25,0.05,0.5,0,192,0.0,0.0,0.019615852811660034,0.4 0.48 0.54
trot,25,0.05,0.55,0,192,0.0,0.0,0.019615852811660034,0.4 0.48 0.54
trot,25,0.05,0.6,0,192,0.0,0.0,0.019615852811660034,0.4 0.48 0.54
trot,25,0.05,0.65,0,192,0.0,0.0,0.019615852811660034,0.4 0.48 0.54
trot,25,0.05,0.7,0,192,0.0,0.0,0.019615852811660034,0.4 0.48 0.54
trot,25,0.05,0.75,0,192,0.0,0.0,0.019615852811660034,0.4 0.48 0.54
trot,25,0.1,0.5,2,192,0.010416666666666666,0.0028612294459291893,0.03717929309882126,0.4 0.48 0.54
trot,25,0.1,0.55,2,192,0.010416666666666666,0.0028612294459291893,0.03717929309882126,0.4 0.48 0.54
trot,25,0.1,0.6,5,192,0.026041666666666668,0.01117344421564433,0.059504082928741736,0.4 0.48 0.54
trot,25,0.1,0.65,6,192,0.03125,0.014399085841634563,0.06649077616929672,0.4 0.48 0.54
trot,25,0.1,0.7,15,192,0.078125,0.04791348285135001,0.12488739295848812,0.4 0.48 0.54
trot,25,0.1,0.75,17,192,0.08854166666666667,0.05601496383263865,0.1372105817102899,0.4 0.48 0.54
trot,25,0.15,0.5,61,192,0.3177083333333333,0.25597786243346865,0.3865904172374489,0.4 0.48 0.54
trot,25,0.15,0.55,94,192,0.4895833333333333,0.4197742628582597,0.5598010674086498,0.4 0.48 0.54
trot,25,0.15,0.6,113,192,0.5885416666666666,0.517861400096107,0.6557482926351614,0.4 0.48 0.54
trot,25,0.15,0.65,124,192,0.6458333333333334,0.5759281576415396,0.7100172186217262,0.4 0.48 0.54
trot,25,0.15,0.7,136,192,0.7083333333333334,0.6404557787278202,0.7680376159339881,0.4 0.48 0.54
trot,25,0.15,0.75,142,192,0.7395833333333334,0.6732387801500894,0.7965286237109901,0.4 0.48 0.54
trot,25,0.2,0.5,173,192,0.9010416666666666,0.8506196921810738,0.9357300925429071,0.4 0.48 0.54
trot,25,0.2,0.55,181,192,0.9427083333333334,0.9003366566999551,0.9677118069563875,0.4 0.48 0.54
trot,25,0.2,0.6,181,192,0.9427083333333334,0.9003366566999551,0.9677118069563875,0.4 0.48 0.54
trot,25,0.2,0.65,185,192,0.9635416666666666,0.9266682232288456,0.9822295798936779,0.4 0.48 0.54
trot,25,0.2,0.7,185,192,0.9635416666666666,0.9266682232288456,0.9822295798936779,0.4 0.48 0.54
trot,25,0.2,0.75,189,192,0.984375,0.9550749394965397,0.9946722030921646,0.4 0.48 0.54
trot,25,0.25,0.5,190,192,0.9895833333333334,0.9628207069011787,0.9971387705540709,0.4 0.48 0.54
trot,25,0.25,0.55,190,192,0.9895833333333334,0.9628207069011787,0.9971387705540709,0.4 0.48 0.54
trot,25,0.25,0.6,192,192,1.0,0.9803841471883398,0.9999999999999999,0.4 0.48 0.54
trot,25,0.25,0.65,192,192,1.0,0.9803841471883398,0.9999999999999999,0.4 0.48 0.54
trot,25,0.25,0.7,192,192,1.0,0.9803841471883398,0.9999999999999999,0.4 0.48 0.54
trot,25,0.25,0.75,192,192,1.0,0.9803841471883398,0.9999999999999999,0.4 0.48 0.54
trot,25,0.3,0.5,191,192,0.9947916666666666,0.971091779786119,0.9990800325356756,0.4 0.48 0.54
trot,25,0.3,0.55,192,192,1.0,0.9803841471883398,0.9999999999999999,0.4 0.48 0.54
trot,25,0.3,0.6,192,192,1.0,0.9803841471883398,0.9999999999999999,0.4 0.48 0.54
trot,25,0.3,0.65,192,192,1.0,0.9803841471883398,0.9999999999999999,0.4 0.48 0.54
trot,25,0.3,0.7,192,192,1.0,0.9803841471883398,0.9999999999999999,0.4 0.48 0.54
trot,25,0.3,0.75,192,192,1.0,0.9803841471883398,0.9999999999999999,0.4 0.48 0.54
walk,25,0.05,0.75,0,192,0.0,0.0,0.019615852811660034,0.4 0.48 0.54
walk,25,0.05,0.8,0,192,0.0,0.0,0.019615852811660034,0.4 0.48 0.54
walk,25,0.05,0.85,0,192,0.0,0.0,0.019615852811660034,0.4 0.48 0.54
walk,25,0.05,0.9,0,192,0.0,0.0,0.019615852811660034,0.4 0.48 0.54
walk,25,0.1,0.75,2,192,0.010416666666666666,0.0028612294459291893,0.03717929309882126,0.4 0.48 0.54
walk,25,0.1,0.8,15,192,0.078125,0.04791348285135001,0.12488739295848812,0.4 0.48 0.54
walk,25,0.1,0.85,19,192,0.09895833333333333,0.06426990745709285,0.1493803078189261,0.4 0.48 0.54
walk,25,0.1,0.9,19,192,0.09895833333333333,0.06426990745709285,0.1493803078189261,0.4 0.48 0.54
walk,25,0.15,0.75,97,192,0.5052083333333334,0.4350815894143847,0.5751307454521606,0.4 0.48 0.54
walk,25,0.15,0.8,138,192,0.71875,0.6513422642131048,0.7775758001817938,0.4 0.48 0.54
walk,25,0.15,0.85,148,192,0.7708333333333334,0.7064161315751911,0.8246252814851598,0.4 0.48 0.54
walk,25,0.15,0.9,138,192,0.71875,0.6513422642131048,0.7775758001817938,0.4 0.48 0.54
walk,25,0.2,0.75,169,192,0.8802083333333334,0.8266638821640017,0.9188365630937986,0.4 0.48 0.54
walk,25,0.2,0.8,186,192,0.96875,0.9335092238307032,0.9856009141583655,0.4 0.48 0.54
walk,25,0.2,0.85,191,192,0.9947916666666666,0.971091779786119,0.9990800325356756,0.4 0.48 0.54
walk,25,0.2,0.9,189,192,0.984375,0.9550749394965397,0.9946722030921646,0.4 0.48 0.54
walk,25,0.25,0.75,179,192,0.9322916666666666,0.8876160972270705,0.9600076966961816,0.4 0.48 0.54
walk,25,0.25,0.8,192,192,1.0,0.9803841471883398,0.9999999999999999,0.4 0.48 0.54
walk,25,0.25,0.85,192,192,1.0,0.9803841471883398,0.9999999999999999,0.4 0.48 0.54
walk,25,0.25,0.9,190,192,0.9895833333333334,0.9628207069011787,0.9971387705540709,0.4 0.48 0.54
walk,25,0.3,0.75,179,192,0.9322916666666666,0.8876160972270705,0.9600076966961816,0.4 0.48 0.54
walk,25,0.3,0.8,191,192,0.9947916666666666,0.971091779786119,0.9990800325356756,0.4 0.48 0.54
walk,25,0.3,0.85,192,192,1.0,0.9803841471883398,0.9999999999999999,0.4 0.48 0.54
walk,25,0.3,0.9,192,192,1.0,0.9803841471883398,0.9999999999999999,0.4 0.48 0.54
