step_width,speed,period,gait,command_df,trials,compliant_trials,finite_energy_compliant_trials,compliance_rate,finite_energy_compliant_rate,median_positive_mechanical_cot
0.1,0.25,0.48,trot,0.5,32,0,0,0.0,0.0,nan
0.1,0.25,0.48,trot,0.55,32,0,0,0.0,0.0,nan
0.1,0.25,0.48,trot,0.6,32,0,0,0.0,0.0,nan
0.1,0.25,0.48,trot,0.65,32,32,32,1.0,1.0,0.2731536782058456
0.1,0.25,0.48,trot,0.7,32,32,32,1.0,1.0,0.29706673934465766
0.1,0.25,0.48,trot,0.75,32,32,32,1.0,1.0,0.30836659698707836
0.1,0.25,0.48,walk,0.5,32,0,0,0.0,0.0,nan
0.1,0.25,0.48,walk,0.55,32,0,0,0.0,0.0,nan
0.1,0.25,0.48,walk,0.6,32,0,0,0.0,0.0,nan
0.1,0.25,0.48,walk,0.65,32,0,0,0.0,0.0,nan
0.1,0.25,0.48,walk,0.7,32,0,0,0.0,0.0,nan
0.1,0.25,0.48,walk,0.75,32,0,0,0.0,0.0,nan
0.1,0.3,0.48,trot,0.5,32,0,0,0.0,0.0,nan
0.1,0.3,0.48,trot,0.55,32,0,0,0.0,0.0,nan
0.1,0.3,0.48,trot,0.6,32,32,32,1.0,1.0,0.2286990522455612
0.1,0.3,0.48,trot,0.65,32,32,32,1.0,1.0,0.24870685547149057
0.1,0.3,0.48,trot,0.7,32,32,32,1.0,1.0,0.2678184086769628
0.1,0.3,0.48,trot,0.75,32,32,32,1.0,1.0,0.2857609957799934
0.1,0.3,0.48,walk,0.5,32,0,0,0.0,0.0,nan
0.1,0.3,0.48,walk,0.55,32,0,0,0.0,0.0,nan
0.1,0.3,0.48,walk,0.6,32,0,0,0.0,0.0,nan
0.1,0.3,0.48,walk,0.65,32,0,0,0.0,0.0,nan
0.1,0.3,0.48,walk,0.7,32,0,0,0.0,0.0,nan
0.1,0.3,0.48,walk,0.75,32,32,32,1.0,1.0,0.34968334748917135
0.1,0.35,0.48,trot,0.5,32,0,0,0.0,0.0,nan
0.1,0.35,0.48,trot,0.55,32,0,0,0.0,0.0,nan
0.1,0.35,0.48,trot,0.6,32,32,32,1.0,1.0,0.2153875357210767
0.1,0.35,0.48,trot,0.65,32,32,32,1.0,1.0,0.23221600144795002
0.1,0.35,0.48,trot,0.7,32,32,32,1.0,1.0,0.24928071207052535
0.1,0.35,0.48,trot,0.75,32,32,32,1.0,1.0,0.2661555306664852
0.1,0.35,0.48,walk,0.5,32,0,0,0.0,0.0,nan
0.1,0.35,0.48,walk,0.55,32,0,0,0.0,0.0,nan
0.1,0.35,0.48,walk,0.6,32,0,0,0.0,0.0,nan
0.1,0.35,0.48,walk,0.65,32,0,0,0.0,0.0,nan
0.1,0.35,0.48,walk,0.7,32,0,0,0.0,0.0,nan
0.1,0.35,0.48,walk,0.75,32,32,32,1.0,1.0,0.3263489738358185
0.1,0.4,0.48,trot,0.5,32,0,0,0.0,0.0,nan
0.1,0.4,0.48,trot,0.55,32,0,0,0.0,0.0,nan
0.1,0.4,0.48,trot,0.6,32,32,32,1.0,1.0,0.20487204555847344
0.1,0.4,0.48,trot,0.65,32,32,32,1.0,1.0,0.22267735485135762
0.1,0.4,0.48,trot,0.7,32,32,32,1.0,1.0,0.2388473424868088
0.1,0.4,0.48,trot,0.75,32,32,32,1.0,1.0,0.25718874707521994
0.1,0.4,0.48,walk,0.5,32,0,0,0.0,0.0,nan
0.1,0.4,0.48,walk,0.55,32,0,0,0.0,0.0,nan
0.1,0.4,0.48,walk,0.6,32,0,0,0.0,0.0,nan
0.1,0.4,0.48,walk,0.65,32,0,0,0.0,0.0,nan
0.1,0.4,0.48,walk,0.7,32,0,0,0.0,0.0,nan
0.1,0.4,0.48,walk,0.75,32,32,32,1.0,1.0,0.3173186422185199
0.2,0.25,0.48,trot,0.5,32,0,0,0.0,0.0,nan
0.2,0.25,0.48,trot,0.55,32,0,0,0.0,0.0,nan
0.2,0.25,0.48,trot,0.6,32,32,32,1.0,1.0,0.26243836567518963
0.2,0.25,0.48,trot,0.65,32,32,32,1.0,1.0,0.28161876609109127
0.2,0.25,0.48,trot,0.7,32,32,32,1.0,1.0,0.2995063450465642
0.2,0.25,0.48,trot,0.75,32,32,32,1.0,1.0,0.31272923903234234
0.2,0.25,0.48,walk,0.5,32,0,0,0.0,0.0,nan
0.2,0.25,0.48,walk,0.55,32,0,0,0.0,0.0,nan
0.2,0.25,0.48,walk,0.6,32,0,0,0.0,0.0,nan
0.2,0.25,0.48,walk,0.65,32,0,0,0.0,0.0,nan
0.2,0.25,0.48,walk,0.7,32,0,0,0.0,0.0,nan
0.2,0.25,0.48,walk,0.75,32,32,32,1.0,1.0,0.4175065604285478
0.2,0.3,0.48,trot,0.5,32,0,0,0.0,0.0,nan
0.2,0.3,0.48,trot,0.55,32,0,0,0.0,0.0,nan
0.2,0.3,0.48,trot,0.6,32,32,32,1.0,1.0,0.2324381906581479
0.2,0.3,0.48,trot,0.65,32,32,32,1.0,1.0,0.2477449007782303
0.2,0.3,0.48,trot,0.7,32,32,32,1.0,1.0,0.26808797360732
0.2,0.3,0.48,trot,0.75,32,32,32,1.0,1.0,0.2870950145467337
0.2,0.3,0.48,walk,0.5,32,0,0,0.0,0.0,nan
0.2,0.3,0.48,walk,0.55,32,0,0,0.0,0.0,nan
0.2,0.3,0.48,walk,0.6,32,0,0,0.0,0.0,nan
0.2,0.3,0.48,walk,0.65,32,0,0,0.0,0.0,nan
0.2,0.3,0.48,walk,0.7,32,0,0,0.0,0.0,nan
0.2,0.3,0.48,walk,0.75,32,32,32,1.0,1.0,0.37299917449245584
0.2,0.35,0.48,trot,0.5,32,0,0,0.0,0.0,nan
0.2,0.35,0.48,trot,0.55,32,27,27,0.84375,0.84375,0.20136554393204392
0.2,0.35,0.48,trot,0.6,32,32,32,1.0,1.0,0.21437759522320893
0.2,0.35,0.48,trot,0.65,32,32,32,1.0,1.0,0.23325215865258694
0.2,0.35,0.48,trot,0.7,32,32,32,1.0,1.0,0.2511737259673811
0.2,0.35,0.48,trot,0.75,32,32,32,1.0,1.0,0.2700406169451999
0.2,0.35,0.48,walk,0.5,32,0,0,0.0,0.0,nan
0.2,0.35,0.48,walk,0.55,32,0,0,0.0,0.0,nan
0.2,0.35,0.48,walk,0.6,32,0,0,0.0,0.0,nan
0.2,0.35,0.48,walk,0.65,32,0,0,0.0,0.0,nan
0.2,0.35,0.48,walk,0.7,32,0,0,0.0,0.0,nan
0.2,0.35,0.48,walk,0.75,32,32,32,1.0,1.0,0.3454969105086112
0.2,0.4,0.48,trot,0.5,32,0,0,0.0,0.0,nan
0.2,0.4,0.48,trot,0.55,32,32,32,1.0,1.0,0.19287708009401996
0.2,0.4,0.48,trot,0.6,32,32,32,1.0,1.0,0.20335727287276797
0.2,0.4,0.48,trot,0.65,32,32,32,1.0,1.0,0.22326766124814706
0.2,0.4,0.48,trot,0.7,32,32,32,1.0,1.0,0.2377924106504925
0.2,0.4,0.48,trot,0.75,32,32,32,1.0,1.0,0.2549791496099503
0.2,0.4,0.48,walk,0.5,32,0,0,0.0,0.0,nan
0.2,0.4,0.48,walk,0.55,32,0,0,0.0,0.0,nan
0.2,0.4,0.48,walk,0.6,32,0,0,0.0,0.0,nan
0.2,0.4,0.48,walk,0.65,32,0,0,0.0,0.0,nan
0.2,0.4,0.48,walk,0.7,32,0,0,0.0,0.0,nan
0.2,0.4,0.48,walk,0.75,32,32,32,1.0,1.0,0.3276932099181595
0.3,0.25,0.48,trot,0.5,32,0,0,0.0,0.0,nan
0.3,0.25,0.48,trot,0.55,32,32,32,1.0,1.0,0.24744853745920595
0.3,0.25,0.48,trot,0.6,32,32,32,1.0,1.0,0.26503339479797494
0.3,0.25,0.48,trot,0.65,32,32,32,1.0,1.0,0.27598388511654415
0.3,0.25,0.48,trot,0.7,32,32,32,1.0,1.0,0.2917059374108573
0.3,0.25,0.48,trot,0.75,32,32,32,1.0,1.0,0.3093510530854974
0.3,0.25,0.48,walk,0.5,32,0,0,0.0,0.0,nan
0.3,0.25,0.48,walk,0.55,32,0,0,0.0,0.0,nan
0.3,0.25,0.48,walk,0.6,32,0,0,0.0,0.0,nan
0.3,0.25,0.48,walk,0.65,32,0,0,0.0,0.0,nan
0.3,0.25,0.48,walk,0.7,32,0,0,0.0,0.0,nan
0.3,0.25,0.48,walk,0.75,32,32,32,1.0,1.0,0.44926169752755923
0.3,0.3,0.48,trot,0.5,32,0,0,0.0,0.0,nan
0.3,0.3,0.48,trot,0.55,32,32,32,1.0,1.0,0.21922490123505733
0.3,0.3,0.48,trot,0.6,32,32,32,1.0,1.0,0.23699322708918927
0.3,0.3,0.48,trot,0.65,32,32,32,1.0,1.0,0.25416684239047965
0.3,0.3,0.48,trot,0.7,32,32,32,1.0,1.0,0.2664455269413087
0.3,0.3,0.48,trot,0.75,32,32,32,1.0,1.0,0.28941851117774176
0.3,0.3,0.48,walk,0.5,32,0,0,0.0,0.0,nan
0.3,0.3,0.48,walk,0.55,32,0,0,0.0,0.0,nan
0.3,0.3,0.48,walk,0.6,32,0,0,0.0,0.0,nan
0.3,0.3,0.48,walk,0.65,32,0,0,0.0,0.0,nan
0.3,0.3,0.48,walk,0.7,32,0,0,0.0,0.0,nan
0.3,0.3,0.48,walk,0.75,32,32,32,1.0,1.0,0.40047862195228046
0.3,0.35,0.48,trot,0.5,32,0,0,0.0,0.0,nan
0.3,0.35,0.48,trot,0.55,32,32,32,1.0,1.0,0.2028978455477743
0.3,0.35,0.48,trot,0.6,32,32,32,1.0,1.0,0.2162711394427335
0.3,0.35,0.48,trot,0.65,32,32,32,1.0,1.0,0.2328615710324632
0.3,0.35,0.48,trot,0.7,32,32,32,1.0,1.0,0.24779548843156068
0.3,0.35,0.48,trot,0.75,32,32,32,1.0,1.0,0.2625616471075204
0.3,0.35,0.48,walk,0.5,32,0,0,0.0,0.0,nan
0.3,0.35,0.48,walk,0.55,32,0,0,0.0,0.0,nan
0.3,0.35,0.48,walk,0.6,32,0,0,0.0,0.0,nan
0.3,0.35,0.48,walk,0.65,32,0,0,0.0,0.0,nan
0.3,0.35,0.48,walk,0.7,32,0,0,0.0,0.0,nan
0.3,0.35,0.48,walk,0.75,32,32,32,1.0,1.0,0.3706275090695389
0.3,0.4,0.48,trot,0.5,32,0,0,0.0,0.0,nan
0.3,0.4,0.48,trot,0.55,32,32,32,1.0,1.0,0.19337994847123288
0.3,0.4,0.48,trot,0.6,32,32,32,1.0,1.0,0.20451631260081837
0.3,0.4,0.48,trot,0.65,32,32,32,1.0,1.0,0.21968516531091598
0.3,0.4,0.48,trot,0.7,32,32,32,1.0,1.0,0.23450439332422568
0.3,0.4,0.48,trot,0.75,32,32,32,1.0,1.0,0.25166586003424457
0.3,0.4,0.48,walk,0.5,32,0,0,0.0,0.0,nan
0.3,0.4,0.48,walk,0.55,32,0,0,0.0,0.0,nan
0.3,0.4,0.48,walk,0.6,32,0,0,0.0,0.0,nan
0.3,0.4,0.48,walk,0.65,32,0,0,0.0,0.0,nan
0.3,0.4,0.48,walk,0.7,32,0,0,0.0,0.0,nan
0.3,0.4,0.48,walk,0.75,32,32,32,1.0,1.0,0.3509085297460116
0.4,0.25,0.48,trot,0.5,32,0,0,0.0,0.0,nan
0.4,0.25,0.48,trot,0.55,32,32,32,1.0,1.0,0.24792676420911752
0.4,0.25,0.48,trot,0.6,32,32,32,1.0,1.0,0.2566862391693005
0.4,0.25,0.48,trot,0.65,32,32,32,1.0,1.0,0.27629469885711183
0.4,0.25,0.48,trot,0.7,32,32,32,1.0,1.0,0.28937859101851415
0.4,0.25,0.48,trot,0.75,32,32,32,1.0,1.0,0.3037145996225782
0.4,0.25,0.48,walk,0.5,32,0,0,0.0,0.0,nan
0.4,0.25,0.48,walk,0.55,32,0,0,0.0,0.0,nan
0.4,0.25,0.48,walk,0.6,32,0,0,0.0,0.0,nan
0.4,0.25,0.48,walk,0.65,32,0,0,0.0,0.0,nan
0.4,0.25,0.48,walk,0.7,32,0,0,0.0,0.0,nan
0.4,0.25,0.48,walk,0.75,32,32,32,1.0,1.0,0.4919304819927339
0.4,0.3,0.48,trot,0.5,32,0,0,0.0,0.0,nan
0.4,0.3,0.48,trot,0.55,32,32,32,1.0,1.0,0.21817190934687222
0.4,0.3,0.48,trot,0.6,32,32,32,1.0,1.0,0.230656452576267
0.4,0.3,0.48,trot,0.65,32,32,32,1.0,1.0,0.2486389651627351
0.4,0.3,0.48,trot,0.7,32,32,32,1.0,1.0,0.2660045297254199
0.4,0.3,0.48,trot,0.75,32,32,32,1.0,1.0,0.27639061672281245
0.4,0.3,0.48,walk,0.5,32,0,0,0.0,0.0,nan
0.4,0.3,0.48,walk,0.55,32,0,0,0.0,0.0,nan
0.4,0.3,0.48,walk,0.6,32,0,0,0.0,0.0,nan
0.4,0.3,0.48,walk,0.65,32,0,0,0.0,0.0,nan
0.4,0.3,0.48,walk,0.7,32,0,0,0.0,0.0,nan
0.4,0.3,0.48,walk,0.75,32,32,32,1.0,1.0,0.4348135302750398
0.4,0.35,0.48,trot,0.5,32,0,0,0.0,0.0,nan
0.4,0.35,0.48,trot,0.55,32,32,32,1.0,1.0,0.20790165792799079
0.4,0.35,0.48,trot,0.6,32,32,32,1.0,1.0,0.21459824514775194
0.4,0.35,0.48,trot,0.65,32,32,32,1.0,1.0,0.2299680811830189
0.4,0.35,0.48,trot,0.7,32,32,32,1.0,1.0,0.24653063577792556
0.4,0.35,0.48,trot,0.75,32,32,32,1.0,1.0,0.2601728935722366
0.4,0.35,0.48,walk,0.5,32,0,0,0.0,0.0,nan
0.4,0.35,0.48,walk,0.55,32,0,0,0.0,0.0,nan
0.4,0.35,0.48,walk,0.6,32,0,0,0.0,0.0,nan
0.4,0.35,0.48,walk,0.65,32,0,0,0.0,0.0,nan
0.4,0.35,0.48,walk,0.7,32,0,0,0.0,0.0,nan
0.4,0.35,0.48,walk,0.75,32,32,32,1.0,1.0,0.3945287291063883
0.4,0.4,0.48,trot,0.5,32,0,0,0.0,0.0,nan
0.4,0.4,0.48,trot,0.55,32,32,32,1.0,1.0,0.19730639201263533
0.4,0.4,0.48,trot,0.6,32,32,32,1.0,1.0,0.20095091756160458
0.4,0.4,0.48,trot,0.65,32,32,32,1.0,1.0,0.21966114632361355
0.4,0.4,0.48,trot,0.7,32,32,32,1.0,1.0,0.2354109712947326
0.4,0.4,0.48,trot,0.75,32,32,32,1.0,1.0,0.24899824459381786
0.4,0.4,0.48,walk,0.5,32,0,0,0.0,0.0,nan
0.4,0.4,0.48,walk,0.55,32,0,0,0.0,0.0,nan
0.4,0.4,0.48,walk,0.6,32,0,0,0.0,0.0,nan
0.4,0.4,0.48,walk,0.65,32,0,0,0.0,0.0,nan
0.4,0.4,0.48,walk,0.7,32,0,0,0.0,0.0,nan
0.4,0.4,0.48,walk,0.75,32,32,32,1.0,1.0,0.36773356867752804
0.5,0.25,0.48,trot,0.5,32,0,0,0.0,0.0,nan
0.5,0.25,0.48,trot,0.55,32,32,32,1.0,1.0,0.26488851234029653
0.5,0.25,0.48,trot,0.6,32,32,32,1.0,1.0,0.26073254883384267
0.5,0.25,0.48,trot,0.65,32,32,32,1.0,1.0,0.2728764195659762
0.5,0.25,0.48,trot,0.7,32,32,32,1.0,1.0,0.28290282674275796
0.5,0.25,0.48,trot,0.75,32,32,32,1.0,1.0,0.2968854835800201
0.5,0.25,0.48,walk,0.5,32,0,0,0.0,0.0,nan
0.5,0.25,0.48,walk,0.55,32,0,0,0.0,0.0,nan
0.5,0.25,0.48,walk,0.6,32,0,0,0.0,0.0,nan
0.5,0.25,0.48,walk,0.65,32,0,0,0.0,0.0,nan
0.5,0.25,0.48,walk,0.7,32,0,0,0.0,0.0,nan
0.5,0.25,0.48,walk,0.75,32,32,32,1.0,1.0,0.541611921633051
0.5,0.3,0.48,trot,0.5,32,0,0,0.0,0.0,nan
0.5,0.3,0.48,trot,0.55,32,32,32,1.0,1.0,0.2457481220265513
0.5,0.3,0.48,trot,0.6,32,32,32,1.0,1.0,0.24308564430967528
0.5,0.3,0.48,trot,0.65,32,32,32,1.0,1.0,0.24855548263053223
0.5,0.3,0.48,trot,0.7,32,32,32,1.0,1.0,0.25715186281443936
0.5,0.3,0.48,trot,0.75,32,32,32,1.0,1.0,0.2776941162295362
0.5,0.3,0.48,walk,0.5,32,0,0,0.0,0.0,nan
0.5,0.3,0.48,walk,0.55,32,0,0,0.0,0.0,nan
0.5,0.3,0.48,walk,0.6,32,0,0,0.0,0.0,nan
0.5,0.3,0.48,walk,0.65,32,0,0,0.0,0.0,nan
0.5,0.3,0.48,walk,0.7,32,0,0,0.0,0.0,nan
0.5,0.3,0.48,walk,0.75,32,32,32,1.0,1.0,0.47860146890814126
0.5,0.35,0.48,trot,0.5,32,0,0,0.0,0.0,nan
0.5,0.35,0.48,trot,0.55,32,32,32,1.0,1.0,0.2274277837499813
0.5,0.35,0.48,trot,0.6,32,32,32,1.0,1.0,0.22826560202134166
0.5,0.35,0.48,trot,0.65,32,32,32,1.0,1.0,0.23592137200195362
0.5,0.35,0.48,trot,0.7,32,32,32,1.0,1.0,0.24721361983011741
0.5,0.35,0.48,trot,0.75,32,32,32,1.0,1.0,0.2608707307687267
0.5,0.35,0.48,walk,0.5,32,0,0,0.0,0.0,nan
0.5,0.35,0.48,walk,0.55,32,0,0,0.0,0.0,nan
0.5,0.35,0.48,walk,0.6,32,0,0,0.0,0.0,nan
0.5,0.35,0.48,walk,0.65,32,0,0,0.0,0.0,nan
0.5,0.35,0.48,walk,0.7,32,0,0,0.0,0.0,nan
0.5,0.35,0.48,walk,0.75,32,32,32,1.0,1.0,0.42017260976651727
0.5,0.4,0.48,trot,0.5,32,0,0,0.0,0.0,nan
0.5,0.4,0.48,trot,0.55,32,32,32,1.0,1.0,0.21688876449158795
0.5,0.4,0.48,trot,0.6,32,32,32,1.0,1.0,0.22109312051353322
0.5,0.4,0.48,trot,0.65,32,32,32,1.0,1.0,0.2278200211696002
0.5,0.4,0.48,trot,0.7,32,32,32,1.0,1.0,0.24241377322138316
0.5,0.4,0.48,trot,0.75,32,32,32,1.0,1.0,0.25415831435821823
0.5,0.4,0.48,walk,0.5,32,0,0,0.0,0.0,nan
0.5,0.4,0.48,walk,0.55,32,0,0,0.0,0.0,nan
0.5,0.4,0.48,walk,0.6,32,0,0,0.0,0.0,nan
0.5,0.4,0.48,walk,0.65,32,0,0,0.0,0.0,nan
0.5,0.4,0.48,walk,0.7,32,0,0,0.0,0.0,nan
0.5,0.4,0.48,walk,0.75,32,32,32,1.0,1.0,0.3992403724030351
