policy,time_s,fraction_not_fallen
narrow,0.00,1.000000
narrow,0.02,1.000000
narrow,0.04,1.000000
narrow,0.06,1.000000
narrow,0.08,1.000000
narrow,0.10,1.000000
narrow,0.12,1.000000
narrow,0.14,1.000000
narrow,0.16,1.000000
narrow,0.18,1.000000
narrow,0.20,1.000000
narrow,0.22,1.000000
narrow,0.24,1.000000
narrow,0.26,1.000000
narrow,0.28,1.000000
narrow,0.30,1.000000
narrow,0.32,1.000000
narrow,0.34,1.000000
narrow,0.36,1.000000
narrow,0.38,1.000000
narrow,0.40,1.000000
narrow,0.42,1.000000
narrow,0.44,1.000000
narrow,0.46,1.000000
narrow,0.48,1.000000
narrow,0.50,1.000000
narrow,0.52,1.000000
narrow,0.54,1.000000
narrow,0.56,1.000000
narrow,0.58,1.000000
narrow,0.60,1.000000
narrow,0.62,1.000000
narrow,0.64,1.000000
narrow,0.66,1.000000
narrow,0.68,1.000000
narrow,0.70,1.000000
narrow,0.72,1.000000
narrow,0.74,1.000000
narrow,0.76,1.000000
narrow,0.78,1.000000
narrow,0.80,1.000000
narrow,0.82,1.000000
narrow,0.84,1.000000
narrow,0.86,1.000000
narrow,0.88,1.000000
narrow,0.90,1.000000
narrow,0.92,1.000000
narrow,0.94,1.000000
narrow,0.96,1.000000
narrow,0.98,1.000000
narrow,1.00,1.000000
narrow,1.02,1.000000
narrow,1.04,1.000000
narrow,1.06,1.000000
narrow,1.08,1.000000
narrow,1.10,1.000000
narrow,1.12,1.000000
narrow,1.14,1.000000
narrow,1.16,1.000000
narrow,1.18,1.000000
narrow,1.20,1.000000
narrow,1.22,1.000000
narrow,1.24,1.000000
narrow,1.26,1.000000
narrow,1.28,1.000000
narrow,1.30,1.000000
narrow,1.32,1.000000
narrow,1.34,1.000000
narrow,1.36,1.000000
narrow,1.38,1.000000
narrow,1.40,1.000000
narrow,1.42,1.000000
narrow,1.44,1.000000
narrow,1.46,1.000000
narrow,1.48,1.000000
narrow,1.50,1.000000
narrow,1.52,1.000000
narrow,1.54,1.000000
narrow,1.56,1.000000
narrow,1.58,1.000000
narrow,1.60,1.000000
narrow,1.62,1.000000
narrow,1.64,1.000000
narrow,1.66,1.000000
narrow,1.68,1.000000
narrow,1.70,1.000000
narrow,1.72,1.000000
narrow,1.74,1.000000
narrow,1.76,1.000000
narrow,1.78,1.000000
narrow,1.80,1.000000
narrow,1.82,1.000000
narrow,1.84,1.000000
narrow,1.86,1.000000
narrow,1.88,1.000000
narrow,1.90,1.000000
narrow,1.92,1.000000
narrow,1.94,1.000000
narrow,1.96,1.000000
narrow,1.98,1.000000
narrow,2.00,1.000000
narrow,2.02,1.000000
narrow,2.04,1.000000
narrow,2.06,1.000000
narrow,2.08,1.000000
narrow,2.10,1.000000
narrow,2.12,1.000000
narrow,2.14,1.000000
narrow,2.16,1.000000
narrow,2.18,1.000000
narrow,2.20,1.000000
narrow,2.22,1.000000
narrow,2.24,1.000000
narrow,2.26,1.000000
narrow,2.28,1.000000
narrow,2.30,1.000000
narrow,2.32,1.000000
narrow,2.34,1.000000
narrow,2.36,1.000000
narrow,2.38,1.000000
narrow,2.40,1.000000
narrow,2.42,1.000000
narrow,2.44,1.000000
narrow,2.46,1.000000
narrow,2.48,1.000000
narrow,2.50,1.000000
narrow,2.52,1.000000
narrow,2.54,1.000000
narrow,2.56,1.000000
narrow,2.58,1.000000
narrow,2.60,1.000000
narrow,2.62,1.000000
narrow,2.64,1.000000
narrow,2.66,1.000000
narrow,2.68,1.000000
narrow,2.70,1.000000
narrow,2.72,1.000000
narrow,2.74,1.000000
narrow,2.76,1.000000
narrow,2.78,1.000000
narrow,2.80,1.000000
narrow,2.82,1.000000
narrow,2.84,1.000000
narrow,2.86,1.000000
narrow,2.88,1.000000
narrow,2.90,1.000000
narrow,2.92,1.000000
narrow,2.94,1.000000
narrow,2.96,1.000000
narrow,2.98,1.000000
narrow,3.00,1.000000
narrow,3.02,1.000000
narrow,3.04,1.000000
narrow,3.06,1.000000
narrow,3.08,1.000000
narrow,3.10,1.000000
narrow,3.12,1.000000
narrow,3.14,1.000000
narrow,3.16,1.000000
narrow,3.18,1.000000
narrow,3.20,1.000000
narrow,3.22,1.000000
narrow,3.24,1.000000
narrow,3.26,1.000000
narrow,3.28,1.000000
narrow,3.30,1.000000
narrow,3.32,1.000000
narrow,3.34,1.000000
narrow,3.36,1.000000
narrow,3.38,1.000000
narrow,3.40,1.000000
narrow,3.42,1.000000
narrow,3.44,1.000000
narrow,3.46,1.000000
narrow,3.48,1.000000
narrow,3.50,1.000000
narrow,3.52,1.000000
narrow,3.54,1.000000
narrow,3.56,1.000000
narrow,3.58,1.000000
narrow,3.60,1.000000
narrow,3.62,1.000000
narrow,3.64,1.000000
narrow,3.66,1.000000
narrow,3.68,1.000000
narrow,3.70,1.000000
narrow,3.72,1.000000
narrow,3.74,1.000000
narrow,3.76,1.000000
narrow,3.78,1.000000
narrow,3.80,1.000000
narrow,3.82,1.000000
narrow,3.84,1.000000
narrow,3.86,1.000000
narrow,3.88,1.000000
narrow,3.90,1.000000
narrow,3.92,1.000000
narrow,3.94,1.000000
narrow,3.96,1.000000
narrow,3.98,1.000000
narrow,4.00,1.000000
narrow,4.02,1.000000
narrow,4.04,1.000000
narrow,4.06,1.000000
narrow,4.08,1.000000
narrow,4.10,1.000000
narrow,4.12,1.000000
narrow,4.14,1.000000
narrow,4.16,1.000000
narrow,4.18,1.000000
narrow,4.20,1.000000
narrow,4.22,1.000000
narrow,4.24,1.000000
narrow,4.26,1.000000
narrow,4.28,1.000000
narrow,4.30,1.000000
narrow,4.32,1.000000
narrow,4.34,1.000000
narrow,4.36,1.000000
narrow,4.38,1.000000
narrow,4.40,1.000000
narrow,4.42,1.000000
narrow,4.44,1.000000
narrow,4.46,1.000000
narrow,4.48,1.000000
narrow,4.50,1.000000
narrow,4.52,1.000000
narrow,4.54,1.000000
narrow,4.56,1.000000
narrow,4.58,1.000000
narrow,4.60,1.000000
narrow,4.62,1.000000
narrow,4.64,1.000000
narrow,4.66,1.000000
narrow,4.68,1.000000
narrow,4.70,1.000000
narrow,4.72,1.000000
narrow,4.74,1.000000
narrow,4.76,1.000000
narrow,4.78,1.000000
narrow,4.80,1.000000
narrow,4.82,1.000000
narrow,4.84,1.000000
narrow,4.86,1.000000
narrow,4.88,1.000000
narrow,4.90,1.000000
narrow,4.92,1.000000
narrow,4.94,1.000000
narrow,4.96,1.000000
narrow,4.98,1.000000
narrow,5.00,1.000000
narrow,5.02,1.000000
narrow,5.04,1.000000
narrow,5.06,1.000000
narrow,5.08,1.000000
narrow,5.10,1.000000
narrow,5.12,1.000000
narrow,5.14,1.000000
narrow,5.16,1.000000
narrow,5.18,1.000000
narrow,5.20,0.998698
narrow,5.22,0.998698
narrow,5.24,0.997396
narrow,5.26,0.997396
narrow,5.28,0.997396
narrow,5.30,0.997396
narrow,5.32,0.997396
narrow,5.34,0.997396
narrow,5.36,0.997396
narrow,5.38,0.997396
narrow,5.40,0.997396
narrow,5.42,0.997396
narrow,5.44,0.997396
narrow,5.46,0.997396
narrow,5.48,0.997396
narrow,5.50,0.997396
narrow,5.52,0.997396
narrow,5.54,0.997396
narrow,5.56,0.997396
narrow,5.58,0.997396
narrow,5.60,0.997396
narrow,5.62,0.997396
narrow,5.64,0.997396
narrow,5.66,0.997396
narrow,5.68,0.997396
narrow,5.70,0.997396
narrow,5.72,0.997396
narrow,5.74,0.997396
narrow,5.76,0.997396
narrow,5.78,0.997396
narrow,5.80,0.997396
narrow,5.82,0.996094
narrow,5.84,0.996094
narrow,5.86,0.996094
narrow,5.88,0.996094
narrow,5.90,0.996094
narrow,5.92,0.994792
narrow,5.94,0.994792
narrow,5.96,0.994792
narrow,5.98,0.994792
narrow,6.00,0.994792
narrow,6.02,0.994792
narrow,6.04,0.994792
narrow,6.06,0.994792
narrow,6.08,0.992188
narrow,6.10,0.990885
narrow,6.12,0.986979
narrow,6.14,0.985677
narrow,6.16,0.985677
narrow,6.18,0.984375
narrow,6.20,0.984375
narrow,6.22,0.983073
narrow,6.24,0.983073
narrow,6.26,0.981771
narrow,6.28,0.981771
narrow,6.30,0.980469
narrow,6.32,0.980469
narrow,6.34,0.980469
narrow,6.36,0.980469
narrow,6.38,0.979167
narrow,6.40,0.979167
narrow,6.42,0.979167
narrow,6.44,0.979167
narrow,6.46,0.979167
narrow,6.48,0.976562
narrow,6.50,0.976562
narrow,6.52,0.975260
narrow,6.54,0.972656
narrow,6.56,0.970052
narrow,6.58,0.970052
narrow,6.60,0.970052
narrow,6.62,0.970052
narrow,6.64,0.968750
narrow,6.66,0.966146
narrow,6.68,0.966146
narrow,6.70,0.963542
narrow,6.72,0.963542
narrow,6.74,0.963542
narrow,6.76,0.963542
narrow,6.78,0.963542
narrow,6.80,0.959635
narrow,6.82,0.959635
narrow,6.84,0.959635
narrow,6.86,0.959635
narrow,6.88,0.959635
narrow,6.90,0.958333
narrow,6.92,0.958333
narrow,6.94,0.957031
narrow,6.96,0.955729
narrow,6.98,0.954427
narrow,7.00,0.954427
narrow,7.02,0.953125
narrow,7.04,0.953125
narrow,7.06,0.951823
narrow,7.08,0.949219
narrow,7.10,0.946615
narrow,7.12,0.946615
narrow,7.14,0.945312
narrow,7.16,0.944010
narrow,7.18,0.944010
narrow,7.20,0.942708
narrow,7.22,0.941406
narrow,7.24,0.941406
narrow,7.26,0.941406
narrow,7.28,0.940104
narrow,7.30,0.940104
narrow,7.32,0.940104
narrow,7.34,0.936198
narrow,7.36,0.936198
narrow,7.38,0.936198
narrow,7.40,0.934896
narrow,7.42,0.934896
narrow,7.44,0.934896
narrow,7.46,0.933594
narrow,7.48,0.932292
narrow,7.50,0.930990
narrow,7.52,0.928385
narrow,7.54,0.924479
narrow,7.56,0.921875
narrow,7.58,0.919271
narrow,7.60,0.915365
narrow,7.62,0.914062
narrow,7.64,0.910156
narrow,7.66,0.907552
narrow,7.68,0.904948
narrow,7.70,0.903646
narrow,7.72,0.902344
narrow,7.74,0.899740
narrow,7.76,0.898438
narrow,7.78,0.897135
narrow,7.80,0.895833
narrow,7.82,0.895833
narrow,7.84,0.894531
narrow,7.86,0.893229
narrow,7.88,0.891927
narrow,7.90,0.891927
narrow,7.92,0.889323
narrow,7.94,0.889323
narrow,7.96,0.886719
narrow,7.98,0.882812
narrow,8.00,0.877604
narrow,8.02,0.873698
narrow,8.04,0.869792
narrow,8.06,0.865885
narrow,8.08,0.860677
narrow,8.10,0.856771
narrow,8.12,0.856771
narrow,8.14,0.856771
narrow,8.16,0.855469
narrow,8.18,0.852865
narrow,8.20,0.850260
narrow,8.22,0.850260
narrow,8.24,0.847656
narrow,8.26,0.846354
narrow,8.28,0.843750
narrow,8.30,0.843750
narrow,8.32,0.841146
narrow,8.34,0.841146
narrow,8.36,0.841146
narrow,8.38,0.839844
narrow,8.40,0.835938
narrow,8.42,0.834635
narrow,8.44,0.833333
narrow,8.46,0.826823
narrow,8.48,0.824219
narrow,8.50,0.824219
narrow,8.52,0.821615
narrow,8.54,0.817708
narrow,8.56,0.816406
narrow,8.58,0.812500
narrow,8.60,0.805990
narrow,8.62,0.803385
narrow,8.64,0.800781
narrow,8.66,0.799479
narrow,8.68,0.799479
narrow,8.70,0.795573
narrow,8.72,0.791667
narrow,8.74,0.791667
narrow,8.76,0.790365
narrow,8.78,0.790365
narrow,8.80,0.790365
narrow,8.82,0.789062
narrow,8.84,0.786458
narrow,8.86,0.785156
narrow,8.88,0.783854
narrow,8.90,0.783854
narrow,8.92,0.782552
narrow,8.94,0.778646
narrow,8.96,0.777344
narrow,8.98,0.777344
narrow,9.00,0.776042
narrow,9.02,0.769531
narrow,9.04,0.766927
narrow,9.06,0.765625
narrow,9.08,0.761719
narrow,9.10,0.759115
narrow,9.12,0.752604
narrow,9.14,0.751302
narrow,9.16,0.746094
narrow,9.18,0.746094
narrow,9.20,0.743490
narrow,9.22,0.740885
narrow,9.24,0.739583
narrow,9.26,0.739583
narrow,9.28,0.739583
narrow,9.30,0.735677
narrow,9.32,0.734375
narrow,9.34,0.734375
narrow,9.36,0.734375
narrow,9.38,0.734375
narrow,9.40,0.734375
narrow,9.42,0.733073
narrow,9.44,0.731771
narrow,9.46,0.727865
narrow,9.48,0.726562
narrow,9.50,0.723958
narrow,9.52,0.718750
narrow,9.54,0.716146
narrow,9.56,0.713542
narrow,9.58,0.710938
narrow,9.60,0.705729
narrow,9.62,0.703125
narrow,9.64,0.697917
narrow,9.66,0.692708
narrow,9.68,0.686198
narrow,9.70,0.684896
narrow,9.72,0.679688
narrow,9.74,0.675781
narrow,9.76,0.674479
narrow,9.78,0.669271
narrow,9.80,0.667969
narrow,9.82,0.665365
narrow,9.84,0.662760
narrow,9.86,0.658854
narrow,9.88,0.656250
narrow,9.90,0.653646
narrow,9.92,0.649740
narrow,9.94,0.644531
narrow,9.96,0.640625
narrow,9.98,0.635417
narrow,10.00,0.632812
narrow,10.02,0.628906
narrow,10.04,0.626302
narrow,10.06,0.621094
narrow,10.08,0.613281
narrow,10.10,0.611979
narrow,10.12,0.609375
narrow,10.14,0.606771
narrow,10.16,0.605469
narrow,10.18,0.604167
narrow,10.20,0.598958
narrow,10.22,0.593750
narrow,10.24,0.592448
narrow,10.26,0.592448
narrow,10.28,0.589844
narrow,10.30,0.588542
narrow,10.32,0.583333
narrow,10.34,0.580729
narrow,10.36,0.579427
narrow,10.38,0.576823
narrow,10.40,0.575521
narrow,10.42,0.574219
narrow,10.44,0.571615
narrow,10.46,0.567708
narrow,10.48,0.565104
narrow,10.50,0.562500
narrow,10.52,0.561198
narrow,10.54,0.553385
narrow,10.56,0.550781
narrow,10.58,0.549479
narrow,10.60,0.545573
narrow,10.62,0.542969
narrow,10.64,0.539062
narrow,10.66,0.535156
narrow,10.68,0.533854
narrow,10.70,0.533854
narrow,10.72,0.533854
narrow,10.74,0.533854
narrow,10.76,0.533854
narrow,10.78,0.532552
narrow,10.80,0.532552
narrow,10.82,0.528646
narrow,10.84,0.526042
narrow,10.86,0.523438
narrow,10.88,0.522135
narrow,10.90,0.516927
narrow,10.92,0.506510
narrow,10.94,0.503906
narrow,10.96,0.501302
narrow,10.98,0.501302
narrow,11.00,0.500000
narrow,11.02,0.494792
narrow,11.04,0.492188
narrow,11.06,0.492188
narrow,11.08,0.490885
narrow,11.10,0.486979
narrow,11.12,0.484375
narrow,11.14,0.479167
narrow,11.16,0.479167
narrow,11.18,0.479167
narrow,11.20,0.479167
narrow,11.22,0.477865
narrow,11.24,0.476562
narrow,11.26,0.476562
narrow,11.28,0.471354
narrow,11.30,0.466146
narrow,11.32,0.462240
narrow,11.34,0.460938
narrow,11.36,0.457031
narrow,11.38,0.454427
narrow,11.40,0.453125
narrow,11.42,0.450521
narrow,11.44,0.450521
narrow,11.46,0.447917
narrow,11.48,0.447917
narrow,11.50,0.445312
narrow,11.52,0.437500
narrow,11.54,0.434896
narrow,11.56,0.434896
narrow,11.58,0.432292
narrow,11.60,0.432292
narrow,11.62,0.428385
narrow,11.64,0.427083
narrow,11.66,0.427083
narrow,11.68,0.425781
narrow,11.70,0.425781
narrow,11.72,0.424479
narrow,11.74,0.424479
narrow,11.76,0.424479
narrow,11.78,0.420573
narrow,11.80,0.419271
narrow,11.82,0.415365
narrow,11.84,0.414062
narrow,11.86,0.412760
narrow,11.88,0.410156
narrow,11.90,0.408854
narrow,11.92,0.406250
narrow,11.94,0.406250
narrow,11.96,0.404948
narrow,11.98,0.403646
narrow,12.00,0.399740
narrow,12.02,0.397135
narrow,12.04,0.397135
narrow,12.06,0.397135
narrow,12.08,0.395833
narrow,12.10,0.395833
narrow,12.12,0.394531
narrow,12.14,0.394531
narrow,12.16,0.394531
narrow,12.18,0.393229
narrow,12.20,0.393229
narrow,12.22,0.391927
narrow,12.24,0.390625
narrow,12.26,0.390625
narrow,12.28,0.389323
narrow,12.30,0.388021
narrow,12.32,0.384115
narrow,12.34,0.382812
narrow,12.36,0.382812
narrow,12.38,0.381510
narrow,12.40,0.378906
narrow,12.42,0.375000
narrow,12.44,0.375000
narrow,12.46,0.375000
narrow,12.48,0.373698
narrow,12.50,0.372396
narrow,12.52,0.368490
narrow,12.54,0.364583
narrow,12.56,0.363281
narrow,12.58,0.361979
narrow,12.60,0.360677
narrow,12.62,0.359375
narrow,12.64,0.359375
narrow,12.66,0.359375
narrow,12.68,0.359375
narrow,12.70,0.359375
narrow,12.72,0.355469
narrow,12.74,0.355469
narrow,12.76,0.352865
narrow,12.78,0.352865
narrow,12.80,0.350260
narrow,12.82,0.347656
narrow,12.84,0.345052
narrow,12.86,0.345052
narrow,12.88,0.343750
narrow,12.90,0.342448
narrow,12.92,0.338542
narrow,12.94,0.335938
narrow,12.96,0.333333
narrow,12.98,0.328125
narrow,13.00,0.324219
narrow,13.02,0.322917
narrow,13.04,0.322917
narrow,13.06,0.322917
narrow,13.08,0.322917
narrow,13.10,0.321615
narrow,13.12,0.321615
narrow,13.14,0.320312
narrow,13.16,0.319010
narrow,13.18,0.319010
narrow,13.20,0.316406
narrow,13.22,0.315104
narrow,13.24,0.313802
narrow,13.26,0.313802
narrow,13.28,0.312500
narrow,13.30,0.312500
narrow,13.32,0.309896
narrow,13.34,0.309896
narrow,13.36,0.309896
narrow,13.38,0.309896
narrow,13.40,0.309896
narrow,13.42,0.308594
narrow,13.44,0.305990
narrow,13.46,0.305990
narrow,13.48,0.303385
narrow,13.50,0.300781
narrow,13.52,0.300781
narrow,13.54,0.300781
narrow,13.56,0.300781
narrow,13.58,0.299479
narrow,13.60,0.299479
narrow,13.62,0.299479
narrow,13.64,0.299479
narrow,13.66,0.299479
narrow,13.68,0.299479
narrow,13.70,0.299479
narrow,13.72,0.299479
narrow,13.74,0.299479
narrow,13.76,0.299479
narrow,13.78,0.299479
narrow,13.80,0.299479
narrow,13.82,0.299479
narrow,13.84,0.299479
narrow,13.86,0.298177
narrow,13.88,0.298177
narrow,13.90,0.296875
narrow,13.92,0.296875
narrow,13.94,0.295573
narrow,13.96,0.294271
narrow,13.98,0.294271
narrow,14.00,0.294271
narrow,14.02,0.294271
narrow,14.04,0.294271
narrow,14.06,0.294271
narrow,14.08,0.294271
narrow,14.10,0.294271
narrow,14.12,0.294271
narrow,14.14,0.294271
narrow,14.16,0.294271
narrow,14.18,0.294271
narrow,14.20,0.294271
narrow,14.22,0.294271
narrow,14.24,0.294271
narrow,14.26,0.292969
narrow,14.28,0.292969
narrow,14.30,0.292969
narrow,14.32,0.292969
narrow,14.34,0.292969
narrow,14.36,0.292969
narrow,14.38,0.292969
narrow,14.40,0.291667
narrow,14.42,0.291667
narrow,14.44,0.291667
narrow,14.46,0.291667
narrow,14.48,0.291667
narrow,14.50,0.291667
narrow,14.52,0.291667
narrow,14.54,0.291667
narrow,14.56,0.291667
narrow,14.58,0.291667
narrow,14.60,0.291667
narrow,14.62,0.291667
narrow,14.64,0.291667
narrow,14.66,0.291667
narrow,14.68,0.291667
narrow,14.70,0.291667
narrow,14.72,0.290365
push_trained,0.00,1.000000
push_trained,0.02,1.000000
push_trained,0.04,1.000000
push_trained,0.06,1.000000
push_trained,0.08,1.000000
push_trained,0.10,1.000000
push_trained,0.12,1.000000
push_trained,0.14,1.000000
push_trained,0.16,1.000000
push_trained,0.18,1.000000
push_trained,0.20,1.000000
push_trained,0.22,1.000000
push_trained,0.24,1.000000
push_trained,0.26,1.000000
push_trained,0.28,1.000000
push_trained,0.30,1.000000
push_trained,0.32,1.000000
push_trained,0.34,1.000000
push_trained,0.36,1.000000
push_trained,0.38,1.000000
push_trained,0.40,1.000000
push_trained,0.42,1.000000
push_trained,0.44,1.000000
push_trained,0.46,1.000000
push_trained,0.48,1.000000
push_trained,0.50,1.000000
push_trained,0.52,1.000000
push_trained,0.54,1.000000
push_trained,0.56,1.000000
push_trained,0.58,1.000000
push_trained,0.60,1.000000
push_trained,0.62,1.000000
push_trained,0.64,1.000000
push_trained,0.66,1.000000
push_trained,0.68,1.000000
push_trained,0.70,1.000000
push_trained,0.72,1.000000
push_trained,0.74,1.000000
push_trained,0.76,1.000000
push_trained,0.78,1.000000
push_trained,0.80,1.000000
push_trained,0.82,1.000000
push_trained,0.84,1.000000
push_trained,0.86,1.000000
push_trained,0.88,1.000000
push_trained,0.90,1.000000
push_trained,0.92,1.000000
push_trained,0.94,1.000000
push_trained,0.96,1.000000
push_trained,0.98,1.000000
push_trained,1.00,1.000000
push_trained,1.02,1.000000
push_trained,1.04,1.000000
push_trained,1.06,1.000000
push_trained,1.08,1.000000
push_trained,1.10,1.000000
push_trained,1.12,1.000000
push_trained,1.14,1.000000
push_trained,1.16,1.000000
push_trained,1.18,1.000000
push_trained,1.20,1.000000
push_trained,1.22,1.000000
push_trained,1.24,1.000000
push_trained,1.26,1.000000
push_trained,1.28,1.000000
push_trained,1.30,1.000000
push_trained,1.32,1.000000
push_trained,1.34,1.000000
push_trained,1.36,1.000000
push_trained,1.38,1.000000
push_trained,1.40,1.000000
push_trained,1.42,1.000000
push_trained,1.44,1.000000
push_trained,1.46,1.000000
push_trained,1.48,1.000000
push_trained,1.50,1.000000
push_trained,1.52,1.000000
push_trained,1.54,1.000000
push_trained,1.56,1.000000
push_trained,1.58,1.000000
push_trained,1.60,1.000000
push_trained,1.62,1.000000
push_trained,1.64,1.000000
push_trained,1.66,1.000000
push_trained,1.68,1.000000
push_trained,1.70,1.000000
push_trained,1.72,1.000000
push_trained,1.74,1.000000
push_trained,1.76,1.000000
push_trained,1.78,1.000000
push_trained,1.80,1.000000
push_trained,1.82,1.000000
push_trained,1.84,1.000000
push_trained,1.86,1.000000
push_trained,1.88,1.000000
push_trained,1.90,1.000000
push_trained,1.92,1.000000
push_trained,1.94,1.000000
push_trained,1.96,1.000000
push_trained,1.98,1.000000
push_trained,2.00,1.000000
push_trained,2.02,1.000000
push_trained,2.04,1.000000
push_trained,2.06,1.000000
push_trained,2.08,1.000000
push_trained,2.10,1.000000
push_trained,2.12,1.000000
push_trained,2.14,1.000000
push_trained,2.16,1.000000
push_trained,2.18,1.000000
push_trained,2.20,1.000000
push_trained,2.22,1.000000
push_trained,2.24,1.000000
push_trained,2.26,1.000000
push_trained,2.28,1.000000
push_trained,2.30,1.000000
push_trained,2.32,1.000000
push_trained,2.34,1.000000
push_trained,2.36,1.000000
push_trained,2.38,1.000000
push_trained,2.40,1.000000
push_trained,2.42,1.000000
push_trained,2.44,1.000000
push_trained,2.46,1.000000
push_trained,2.48,1.000000
push_trained,2.50,1.000000
push_trained,2.52,1.000000
push_trained,2.54,1.000000
push_trained,2.56,1.000000
push_trained,2.58,1.000000
push_trained,2.60,1.000000
push_trained,2.62,1.000000
push_trained,2.64,1.000000
push_trained,2.66,1.000000
push_trained,2.68,1.000000
push_trained,2.70,1.000000
push_trained,2.72,1.000000
push_trained,2.74,1.000000
push_trained,2.76,1.000000
push_trained,2.78,1.000000
push_trained,2.80,1.000000
push_trained,2.82,1.000000
push_trained,2.84,1.000000
push_trained,2.86,1.000000
push_trained,2.88,1.000000
push_trained,2.90,1.000000
push_trained,2.92,1.000000
push_trained,2.94,1.000000
push_trained,2.96,1.000000
push_trained,2.98,1.000000
push_trained,3.00,1.000000
push_trained,3.02,1.000000
push_trained,3.04,1.000000
push_trained,3.06,1.000000
push_trained,3.08,1.000000
push_trained,3.10,1.000000
push_trained,3.12,1.000000
push_trained,3.14,1.000000
push_trained,3.16,1.000000
push_trained,3.18,1.000000
push_trained,3.20,1.000000
push_trained,3.22,1.000000
push_trained,3.24,1.000000
push_trained,3.26,1.000000
push_trained,3.28,1.000000
push_trained,3.30,1.000000
push_trained,3.32,1.000000
push_trained,3.34,1.000000
push_trained,3.36,1.000000
push_trained,3.38,1.000000
push_trained,3.40,1.000000
push_trained,3.42,1.000000
push_trained,3.44,1.000000
push_trained,3.46,1.000000
push_trained,3.48,1.000000
push_trained,3.50,1.000000
push_trained,3.52,1.000000
push_trained,3.54,1.000000
push_trained,3.56,1.000000
push_trained,3.58,1.000000
push_trained,3.60,1.000000
push_trained,3.62,1.000000
push_trained,3.64,1.000000
push_trained,3.66,1.000000
push_trained,3.68,1.000000
push_trained,3.70,1.000000
push_trained,3.72,1.000000
push_trained,3.74,1.000000
push_trained,3.76,1.000000
push_trained,3.78,1.000000
push_trained,3.80,1.000000
push_trained,3.82,1.000000
push_trained,3.84,1.000000
push_trained,3.86,1.000000
push_trained,3.88,1.000000
push_trained,3.90,1.000000
push_trained,3.92,1.000000
push_trained,3.94,1.000000
push_trained,3.96,1.000000
push_trained,3.98,1.000000
push_trained,4.00,1.000000
push_trained,4.02,1.000000
push_trained,4.04,1.000000
push_trained,4.06,1.000000
push_trained,4.08,1.000000
push_trained,4.10,1.000000
push_trained,4.12,1.000000
push_trained,4.14,1.000000
push_trained,4.16,1.000000
push_trained,4.18,1.000000
push_trained,4.20,1.000000
push_trained,4.22,1.000000
push_trained,4.24,1.000000
push_trained,4.26,1.000000
push_trained,4.28,1.000000
push_trained,4.30,1.000000
push_trained,4.32,1.000000
push_trained,4.34,1.000000
push_trained,4.36,1.000000
push_trained,4.38,1.000000
push_trained,4.40,1.000000
push_trained,4.42,1.000000
push_trained,4.44,1.000000
push_trained,4.46,1.000000
push_trained,4.48,1.000000
push_trained,4.50,1.000000
push_trained,4.52,1.000000
push_trained,4.54,1.000000
push_trained,4.56,1.000000
push_trained,4.58,1.000000
push_trained,4.60,1.000000
push_trained,4.62,1.000000
push_trained,4.64,1.000000
push_trained,4.66,1.000000
push_trained,4.68,1.000000
push_trained,4.70,1.000000
push_trained,4.72,1.000000
push_trained,4.74,1.000000
push_trained,4.76,1.000000
push_trained,4.78,1.000000
push_trained,4.80,1.000000
push_trained,4.82,1.000000
push_trained,4.84,1.000000
push_trained,4.86,1.000000
push_trained,4.88,1.000000
push_trained,4.90,1.000000
push_trained,4.92,1.000000
push_trained,4.94,1.000000
push_trained,4.96,1.000000
push_trained,4.98,1.000000
push_trained,5.00,1.000000
push_trained,5.02,1.000000
push_trained,5.04,1.000000
push_trained,5.06,1.000000
push_trained,5.08,1.000000
push_trained,5.10,1.000000
push_trained,5.12,1.000000
push_trained,5.14,1.000000
push_trained,5.16,1.000000
push_trained,5.18,1.000000
push_trained,5.20,1.000000
push_trained,5.22,1.000000
push_trained,5.24,1.000000
push_trained,5.26,1.000000
push_trained,5.28,1.000000
push_trained,5.30,1.000000
push_trained,5.32,1.000000
push_trained,5.34,1.000000
push_trained,5.36,1.000000
push_trained,5.38,1.000000
push_trained,5.40,1.000000
push_trained,5.42,1.000000
push_trained,5.44,1.000000
push_trained,5.46,1.000000
push_trained,5.48,1.000000
push_trained,5.50,1.000000
push_trained,5.52,1.000000
push_trained,5.54,1.000000
push_trained,5.56,1.000000
push_trained,5.58,1.000000
push_trained,5.60,1.000000
push_trained,5.62,1.000000
push_trained,5.64,1.000000
push_trained,5.66,1.000000
push_trained,5.68,1.000000
push_trained,5.70,1.000000
push_trained,5.72,1.000000
push_trained,5.74,1.000000
push_trained,5.76,1.000000
push_trained,5.78,1.000000
push_trained,5.80,1.000000
push_trained,5.82,1.000000
push_trained,5.84,1.000000
push_trained,5.86,1.000000
push_trained,5.88,1.000000
push_trained,5.90,1.000000
push_trained,5.92,1.000000
push_trained,5.94,1.000000
push_trained,5.96,1.000000
push_trained,5.98,1.000000
push_trained,6.00,1.000000
push_trained,6.02,1.000000
push_trained,6.04,1.000000
push_trained,6.06,1.000000
push_trained,6.08,1.000000
push_trained,6.10,1.000000
push_trained,6.12,1.000000
push_trained,6.14,1.000000
push_trained,6.16,1.000000
push_trained,6.18,1.000000
push_trained,6.20,1.000000
push_trained,6.22,1.000000
push_trained,6.24,1.000000
push_trained,6.26,1.000000
push_trained,6.28,1.000000
push_trained,6.30,1.000000
push_trained,6.32,1.000000
push_trained,6.34,1.000000
push_trained,6.36,1.000000
push_trained,6.38,1.000000
push_trained,6.40,1.000000
push_trained,6.42,1.000000
push_trained,6.44,1.000000
push_trained,6.46,1.000000
push_trained,6.48,1.000000
push_trained,6.50,1.000000
push_trained,6.52,1.000000
push_trained,6.54,1.000000
push_trained,6.56,1.000000
push_trained,6.58,1.000000
push_trained,6.60,1.000000
push_trained,6.62,1.000000
push_trained,6.64,1.000000
push_trained,6.66,1.000000
push_trained,6.68,1.000000
push_trained,6.70,1.000000
push_trained,6.72,1.000000
push_trained,6.74,1.000000
push_trained,6.76,1.000000
push_trained,6.78,1.000000
push_trained,6.80,1.000000
push_trained,6.82,1.000000
push_trained,6.84,1.000000
push_trained,6.86,1.000000
push_trained,6.88,1.000000
push_trained,6.90,1.000000
push_trained,6.92,1.000000
push_trained,6.94,1.000000
push_trained,6.96,1.000000
push_trained,6.98,1.000000
push_trained,7.00,1.000000
push_trained,7.02,1.000000
push_trained,7.04,1.000000
push_trained,7.06,1.000000
push_trained,7.08,1.000000
push_trained,7.10,1.000000
push_trained,7.12,1.000000
push_trained,7.14,1.000000
push_trained,7.16,1.000000
push_trained,7.18,1.000000
push_trained,7.20,1.000000
push_trained,7.22,1.000000
push_trained,7.24,1.000000
push_trained,7.26,1.000000
push_trained,7.28,1.000000
push_trained,7.30,1.000000
push_trained,7.32,1.000000
push_trained,7.34,1.000000
push_trained,7.36,1.000000
push_trained,7.38,1.000000
push_trained,7.40,1.000000
push_trained,7.42,1.000000
push_trained,7.44,1.000000
push_trained,7.46,1.000000
push_trained,7.48,1.000000
push_trained,7.50,1.000000
push_trained,7.52,1.000000
push_trained,7.54,1.000000
push_trained,7.56,1.000000
push_trained,7.58,1.000000
push_trained,7.60,1.000000
push_trained,7.62,1.000000
push_trained,7.64,1.000000
push_trained,7.66,1.000000
push_trained,7.68,1.000000
push_trained,7.70,1.000000
push_trained,7.72,1.000000
push_trained,7.74,1.000000
push_trained,7.76,1.000000
push_trained,7.78,1.000000
push_trained,7.80,1.000000
push_trained,7.82,1.000000
push_trained,7.84,1.000000
push_trained,7.86,1.000000
push_trained,7.88,1.000000
push_trained,7.90,1.000000
push_trained,7.92,1.000000
push_trained,7.94,1.000000
push_trained,7.96,1.000000
push_trained,7.98,1.000000
push_trained,8.00,1.000000
push_trained,8.02,1.000000
push_trained,8.04,1.000000
push_trained,8.06,1.000000
push_trained,8.08,1.000000
push_trained,8.10,1.000000
push_trained,8.12,1.000000
push_trained,8.14,1.000000
push_trained,8.16,1.000000
push_trained,8.18,1.000000
push_trained,8.20,1.000000
push_trained,8.22,1.000000
push_trained,8.24,1.000000
push_trained,8.26,1.000000
push_trained,8.28,1.000000
push_trained,8.30,1.000000
push_trained,8.32,1.000000
push_trained,8.34,1.000000
push_trained,8.36,1.000000
push_trained,8.38,1.000000
push_trained,8.40,1.000000
push_trained,8.42,1.000000
push_trained,8.44,1.000000
push_trained,8.46,1.000000
push_trained,8.48,1.000000
push_trained,8.50,1.000000
push_trained,8.52,1.000000
push_trained,8.54,1.000000
push_trained,8.56,1.000000
push_trained,8.58,1.000000
push_trained,8.60,1.000000
push_trained,8.62,1.000000
push_trained,8.64,1.000000
push_trained,8.66,1.000000
push_trained,8.68,1.000000
push_trained,8.70,1.000000
push_trained,8.72,1.000000
push_trained,8.74,1.000000
push_trained,8.76,0.998698
push_trained,8.78,0.998698
push_trained,8.80,0.998698
push_trained,8.82,0.998698
push_trained,8.84,0.998698
push_trained,8.86,0.998698
push_trained,8.88,0.998698
push_trained,8.90,0.998698
push_trained,8.92,0.998698
push_trained,8.94,0.998698
push_trained,8.96,0.998698
push_trained,8.98,0.998698
push_trained,9.00,0.998698
push_trained,9.02,0.998698
push_trained,9.04,0.998698
push_trained,9.06,0.998698
push_trained,9.08,0.998698
push_trained,9.10,0.998698
push_trained,9.12,0.998698
push_trained,9.14,0.998698
push_trained,9.16,0.997396
push_trained,9.18,0.997396
push_trained,9.20,0.997396
push_trained,9.22,0.997396
push_trained,9.24,0.997396
push_trained,9.26,0.997396
push_trained,9.28,0.997396
push_trained,9.30,0.997396
push_trained,9.32,0.997396
push_trained,9.34,0.997396
push_trained,9.36,0.997396
push_trained,9.38,0.997396
push_trained,9.40,0.997396
push_trained,9.42,0.997396
push_trained,9.44,0.997396
push_trained,9.46,0.997396
push_trained,9.48,0.997396
push_trained,9.50,0.997396
push_trained,9.52,0.997396
push_trained,9.54,0.997396
push_trained,9.56,0.997396
push_trained,9.58,0.997396
push_trained,9.60,0.997396
push_trained,9.62,0.997396
push_trained,9.64,0.997396
push_trained,9.66,0.997396
push_trained,9.68,0.997396
push_trained,9.70,0.997396
push_trained,9.72,0.997396
push_trained,9.74,0.997396
push_trained,9.76,0.997396
push_trained,9.78,0.997396
push_trained,9.80,0.997396
push_trained,9.82,0.994792
push_trained,9.84,0.993490
push_trained,9.86,0.992188
push_trained,9.88,0.992188
push_trained,9.90,0.992188
push_trained,9.92,0.992188
push_trained,9.94,0.990885
push_trained,9.96,0.989583
push_trained,9.98,0.989583
push_trained,10.00,0.989583
push_trained,10.02,0.989583
push_trained,10.04,0.988281
push_trained,10.06,0.988281
push_trained,10.08,0.988281
push_trained,10.10,0.988281
push_trained,10.12,0.988281
push_trained,10.14,0.988281
push_trained,10.16,0.988281
push_trained,10.18,0.988281
push_trained,10.20,0.986979
push_trained,10.22,0.986979
push_trained,10.24,0.986979
push_trained,10.26,0.985677
push_trained,10.28,0.984375
push_trained,10.30,0.983073
push_trained,10.32,0.981771
push_trained,10.34,0.981771
push_trained,10.36,0.981771
push_trained,10.38,0.981771
push_trained,10.40,0.981771
push_trained,10.42,0.981771
push_trained,10.44,0.981771
push_trained,10.46,0.980469
push_trained,10.48,0.980469
push_trained,10.50,0.980469
push_trained,10.52,0.980469
push_trained,10.54,0.980469
push_trained,10.56,0.980469
push_trained,10.58,0.980469
push_trained,10.60,0.980469
push_trained,10.62,0.980469
push_trained,10.64,0.980469
push_trained,10.66,0.980469
push_trained,10.68,0.980469
push_trained,10.70,0.980469
push_trained,10.72,0.980469
push_trained,10.74,0.980469
push_trained,10.76,0.980469
push_trained,10.78,0.980469
push_trained,10.80,0.977865
push_trained,10.82,0.977865
push_trained,10.84,0.977865
push_trained,10.86,0.976562
push_trained,10.88,0.975260
push_trained,10.90,0.975260
push_trained,10.92,0.975260
push_trained,10.94,0.973958
push_trained,10.96,0.972656
push_trained,10.98,0.972656
push_trained,11.00,0.972656
push_trained,11.02,0.972656
push_trained,11.04,0.972656
push_trained,11.06,0.971354
push_trained,11.08,0.971354
push_trained,11.10,0.970052
push_trained,11.12,0.970052
push_trained,11.14,0.967448
push_trained,11.16,0.967448
push_trained,11.18,0.967448
push_trained,11.20,0.966146
push_trained,11.22,0.964844
push_trained,11.24,0.963542
push_trained,11.26,0.962240
push_trained,11.28,0.962240
push_trained,11.30,0.960938
push_trained,11.32,0.960938
push_trained,11.34,0.960938
push_trained,11.36,0.959635
push_trained,11.38,0.959635
push_trained,11.40,0.958333
push_trained,11.42,0.957031
push_trained,11.44,0.957031
push_trained,11.46,0.957031
push_trained,11.48,0.957031
push_trained,11.50,0.955729
push_trained,11.52,0.955729
push_trained,11.54,0.955729
push_trained,11.56,0.955729
push_trained,11.58,0.955729
push_trained,11.60,0.955729
push_trained,11.62,0.955729
push_trained,11.64,0.955729
push_trained,11.66,0.954427
push_trained,11.68,0.953125
push_trained,11.70,0.953125
push_trained,11.72,0.953125
push_trained,11.74,0.951823
push_trained,11.76,0.951823
push_trained,11.78,0.950521
push_trained,11.80,0.950521
push_trained,11.82,0.950521
push_trained,11.84,0.950521
push_trained,11.86,0.950521
push_trained,11.88,0.950521
push_trained,11.90,0.950521
push_trained,11.92,0.950521
push_trained,11.94,0.950521
push_trained,11.96,0.950521
push_trained,11.98,0.950521
push_trained,12.00,0.949219
push_trained,12.02,0.949219
push_trained,12.04,0.949219
push_trained,12.06,0.949219
push_trained,12.08,0.949219
push_trained,12.10,0.949219
push_trained,12.12,0.949219
push_trained,12.14,0.949219
push_trained,12.16,0.949219
push_trained,12.18,0.949219
push_trained,12.20,0.949219
push_trained,12.22,0.949219
push_trained,12.24,0.947917
push_trained,12.26,0.947917
push_trained,12.28,0.947917
push_trained,12.30,0.947917
push_trained,12.32,0.946615
push_trained,12.34,0.946615
push_trained,12.36,0.946615
push_trained,12.38,0.946615
push_trained,12.40,0.946615
push_trained,12.42,0.946615
push_trained,12.44,0.946615
push_trained,12.46,0.946615
push_trained,12.48,0.946615
push_trained,12.50,0.946615
push_trained,12.52,0.946615
push_trained,12.54,0.945312
push_trained,12.56,0.945312
push_trained,12.58,0.945312
push_trained,12.60,0.945312
push_trained,12.62,0.945312
push_trained,12.64,0.945312
push_trained,12.66,0.945312
push_trained,12.68,0.945312
push_trained,12.70,0.944010
push_trained,12.72,0.944010
push_trained,12.74,0.944010
push_trained,12.76,0.944010
push_trained,12.78,0.942708
push_trained,12.80,0.941406
push_trained,12.82,0.941406
push_trained,12.84,0.941406
push_trained,12.86,0.941406
push_trained,12.88,0.940104
push_trained,12.90,0.940104
push_trained,12.92,0.940104
push_trained,12.94,0.940104
push_trained,12.96,0.940104
push_trained,12.98,0.937500
push_trained,13.00,0.936198
push_trained,13.02,0.934896
push_trained,13.04,0.934896
push_trained,13.06,0.934896
push_trained,13.08,0.934896
push_trained,13.10,0.934896
push_trained,13.12,0.934896
push_trained,13.14,0.933594
push_trained,13.16,0.933594
push_trained,13.18,0.933594
push_trained,13.20,0.933594
push_trained,13.22,0.933594
push_trained,13.24,0.933594
push_trained,13.26,0.933594
push_trained,13.28,0.933594
push_trained,13.30,0.932292
push_trained,13.32,0.932292
push_trained,13.34,0.932292
push_trained,13.36,0.932292
push_trained,13.38,0.932292
push_trained,13.40,0.932292
push_trained,13.42,0.932292
push_trained,13.44,0.932292
push_trained,13.46,0.932292
push_trained,13.48,0.932292
push_trained,13.50,0.932292
push_trained,13.52,0.932292
push_trained,13.54,0.932292
push_trained,13.56,0.932292
push_trained,13.58,0.932292
push_trained,13.60,0.932292
push_trained,13.62,0.932292
push_trained,13.64,0.932292
push_trained,13.66,0.930990
push_trained,13.68,0.930990
push_trained,13.70,0.930990
push_trained,13.72,0.930990
push_trained,13.74,0.930990
push_trained,13.76,0.930990
push_trained,13.78,0.930990
push_trained,13.80,0.929688
push_trained,13.82,0.929688
push_trained,13.84,0.929688
push_trained,13.86,0.928385
push_trained,13.88,0.928385
push_trained,13.90,0.928385
push_trained,13.92,0.928385
push_trained,13.94,0.928385
push_trained,13.96,0.928385
push_trained,13.98,0.928385
push_trained,14.00,0.928385
push_trained,14.02,0.928385
push_trained,14.04,0.928385
push_trained,14.06,0.928385
push_trained,14.08,0.928385
push_trained,14.10,0.928385
push_trained,14.12,0.928385
push_trained,14.14,0.928385
push_trained,14.16,0.928385
push_trained,14.18,0.928385
push_trained,14.20,0.928385
push_trained,14.22,0.928385
push_trained,14.24,0.928385
push_trained,14.26,0.928385
push_trained,14.28,0.928385
push_trained,14.30,0.928385
